Date,vix,vxo,vxn,vxd
20100104,20.04,17.78,21.20,18.20
20100105,19.35,17.18,20.50,17.60
20100106,19.16,17.64,20.21,17.33
20100107,19.06,17.89,19.99,17.20
20100108,18.13,17.01,18.92,16.59
20100111,17.55,17.34,18.47,16.01
20100112,18.25,18.23,19.29,16.20
20100113,17.85,17.00,18.40,16.14
20100114,17.63,16.58,18.20,15.59
20100115,17.91,17.11,18.73,15.74
20100119,17.58,16.50,18.74,15.81
20100120,18.68,17.12,20.01,16.39
20100121,22.27,21.19,23.19,19.73
20100122,27.31,26.05,28.37,24.20
20100125,25.41,23.38,27.04,23.01
20100126,24.55,23.24,25.47,21.87
20100127,23.14,22.32,24.21,20.57
20100128,23.73,23.00,24.91,21.24
20100129,24.62,24.46,25.80,21.63
20100201,22.59,21.31,24.33,19.98
20100202,21.48,20.18,23.01,18.91
20100203,21.60,20.63,22.34,18.78
20100204,26.08,26.53,25.99,22.77
20100205,26.11,25.28,25.96,22.95
20100208,26.51,25.43,26.92,23.39
20100209,26.00,24.49,25.58,22.63
20100210,25.40,24.27,25.23,22.25
20100211,23.96,23.09,23.43,20.84
20100212,22.73,23.24,22.97,20.23
20100216,22.25,21.57,21.92,19.35
20100217,21.72,21.19,21.40,18.96
20100218,20.63,19.63,20.65,18.15
20100219,20.02,19.19,20.81,17.91
20100222,19.94,18.73,20.43,17.79
20100223,21.37,20.73,21.55,19.09
20100224,20.27,19.49,20.63,17.84
20100225,20.10,19.51,20.52,17.81
20100226,19.50,19.16,19.78,17.42
20100301,19.26,17.82,19.59,17.07
20100302,19.06,18.03,19.51,16.85
20100303,18.83,18.11,19.35,16.86
20100304,18.72,17.93,19.10,16.50
20100305,17.42,16.81,17.92,15.52
20100308,17.79,16.85,18.67,15.87
20100309,17.92,16.91,18.76,15.96
20100310,18.57,17.85,19.08,16.73
20100311,18.06,17.51,19.09,16.22
20100312,17.58,17.70,19.14,15.80
20100315,18.00,17.48,19.05,16.09
20100316,17.69,17.17,18.31,15.83
20100317,16.91,16.61,17.56,15.50
20100318,16.62,16.18,17.24,15.02
20100319,16.97,16.51,17.87,15.29
20100322,16.87,15.54,18.03,15.19
20100323,16.35,15.25,17.43,14.68
20100324,17.55,16.59,18.01,15.34
20100325,18.40,17.64,18.82,16.42
20100326,17.77,16.91,18.67,15.87
20100329,17.59,15.98,18.60,15.98
20100330,17.13,15.86,18.23,15.46
20100331,17.59,16.04,18.32,15.64
20100401,17.47,16.16,18.76,15.69
20100405,17.02,15.24,18.52,15.48
20100406,16.23,14.91,17.83,14.92
20100407,16.62,15.45,17.70,15.40
20100408,16.48,15.19,17.29,15.12
20100409,16.14,15.14,16.54,14.74
20100412,15.58,15.25,16.37,14.37
20100413,16.20,15.25,15.97,14.60
20100414,15.59,14.70,16.02,14.25
20100415,15.89,15.11,16.54,14.05
20100416,18.36,17.03,17.78,16.12
20100419,17.34,15.21,17.89,15.37
20100420,15.73,14.26,16.43,13.99
20100421,16.32,14.68,16.30,14.30
20100422,16.47,15.45,16.83,14.55
20100423,16.62,15.54,16.60,14.63
20100426,17.47,16.08,17.81,15.43
20100427,22.81,21.08,21.30,19.91
20100428,21.08,19.22,20.51,18.48
20100429,18.44,16.94,18.96,16.54
20100430,22.05,20.98,22.06,19.65
20100503,20.19,18.09,21.16,17.79
20100504,23.84,22.29,26.09,21.17
20100505,24.91,23.71,26.32,22.32
20100506,32.80,31.12,31.25,27.35
20100507,40.95,38.94,41.52,35.91
20100510,28.84,26.59,30.36,25.93
20100511,28.32,26.43,29.59,25.04
20100512,25.52,24.17,27.00,22.42
20100513,26.68,25.31,28.05,23.45
20100514,31.24,29.49,31.55,27.67
20100517,30.84,27.86,31.78,27.15
20100518,33.55,31.51,35.48,29.67
20100519,35.32,32.42,37.79,31.68
20100520,45.79,43.63,46.63,40.72
20100521,40.10,37.65,42.81,35.48
20100524,38.32,35.19,39.84,33.91
20100525,34.61,32.83,36.28,31.59
20100526,35.02,34.21,36.32,31.20
20100527,29.68,28.40,30.30,26.48
20100528,32.07,30.83,31.61,28.67
20100601,35.54,34.86,36.23,31.97
20100602,30.17,28.56,31.00,26.96
20100603,29.46,28.78,29.38,26.51
20100604,35.48,34.38,34.16,31.43
20100607,36.57,35.40,37.29,33.17
20100608,33.70,32.01,35.22,30.28
20100609,33.73,33.32,34.82,29.94
20100610,30.57,29.68,31.30,27.15
20100611,28.79,27.90,28.80,25.43
20100614,28.58,27.98,28.94,25.53
20100615,25.87,25.08,26.37,22.94
20100616,25.92,25.37,25.92,22.73
20100617,25.05,24.44,25.15,22.21
20100618,23.95,22.53,24.15,21.23
20100621,24.88,23.43,25.57,21.93
20100622,27.05,25.61,26.83,24.07
20100623,26.91,26.23,26.57,23.87
20100624,29.74,29.20,29.09,26.23
20100625,28.53,28.20,28.58,25.37
20100628,29.00,27.06,29.37,25.67
20100629,34.13,33.11,35.02,30.56
20100630,34.54,33.57,35.14,30.54
20100701,32.86,32.92,34.56,29.37
20100702,30.12,29.70,32.19,27.56
20100706,29.65,29.14,31.65,26.69
20100707,26.84,26.33,28.06,23.83
20100708,25.71,24.76,27.05,22.66
20100709,24.98,23.54,25.99,21.87
20100712,24.43,24.87,25.50,21.09
20100713,24.56,23.85,25.37,21.30
20100714,24.89,24.89,25.96,21.54
20100715,25.14,24.84,26.57,21.85
20100716,26.25,26.49,26.87,23.09
20100719,25.97,25.15,27.25,22.73
20100720,23.93,23.58,25.21,21.41
20100721,25.64,25.45,26.70,23.43
20100722,24.63,24.27,25.22,22.02
20100723,23.47,23.33,24.16,20.75
20100726,22.73,21.91,24.11,20.15
20100727,23.19,21.62,24.33,20.28
20100728,24.25,22.83,25.03,21.06
20100729,24.13,22.85,25.18,21.31
20100730,23.50,23.03,24.52,20.73
20100802,22.01,20.08,23.48,19.48
20100803,22.63,21.15,23.61,19.98
20100804,22.21,20.86,23.22,19.86
20100805,22.10,21.35,23.27,19.70
20100806,21.74,20.62,22.84,19.23
20100809,22.14,20.34,22.97,19.28
20100810,22.37,20.91,23.56,19.60
20100811,25.39,25.16,26.90,22.81
20100812,25.73,25.73,27.63,23.59
20100813,26.24,26.68,28.07,23.90
20100816,26.10,25.12,27.08,23.34
20100817,24.33,23.83,25.92,21.92
20100818,24.59,24.30,25.98,22.02
20100819,26.44,26.10,26.90,23.43
20100820,25.49,25.45,25.76,22.64
20100823,25.66,24.87,26.49,22.86
20100824,27.46,27.09,28.47,24.61
20100825,26.70,26.84,27.77,24.24
20100826,27.37,27.38,28.88,24.48
20100827,24.45,24.91,26.31,21.76
20100830,27.21,26.08,27.89,24.32
20100831,26.05,26.58,27.45,23.73
20100901,23.89,23.52,24.93,21.47
20100902,23.19,22.87,23.93,20.79
20100903,21.31,20.24,21.95,18.89
20100907,23.80,22.63,23.99,21.10
20100908,23.25,22.16,23.53,20.76
20100909,22.81,21.53,23.29,20.54
20100910,21.99,20.89,22.98,19.81
20100913,21.21,20.47,22.32,19.08
20100914,21.56,20.81,21.63,19.37
20100915,22.10,21.42,22.15,19.76
20100916,21.72,20.96,21.81,19.15
20100917,22.01,20.70,22.26,19.02
20100920,21.50,19.47,22.43,18.86
20100921,22.35,20.65,23.26,19.52
20100922,22.51,21.01,23.63,19.63
20100923,23.87,22.75,24.26,20.62
20100924,21.71,20.39,22.72,18.75
20100927,22.54,20.60,23.64,19.83
20100928,22.60,20.68,23.86,19.69
20100929,23.25,21.62,24.48,20.15
20100930,23.70,22.40,24.96,20.62
20101001,22.50,21.05,23.98,19.72
20101004,23.53,21.64,25.16,20.58
20101005,21.76,19.83,23.43,19.18
20101006,21.49,19.98,23.53,18.76
20101007,21.56,20.60,23.06,18.80
20101008,20.71,19.74,21.98,17.93
20101011,18.96,19.68,20.40,16.53
20101012,18.93,19.13,20.54,16.59
20101013,19.07,19.33,20.47,16.30
20101014,19.88,20.25,20.63,16.82
20101015,19.03,19.43,20.44,16.89
20101018,19.09,18.28,21.25,17.09
20101019,20.63,20.15,21.91,18.18
20101020,19.79,19.24,21.65,17.31
20101021,19.27,19.02,21.18,16.50
20101022,18.78,18.53,20.42,16.40
20101025,19.85,19.50,21.48,17.30
20101026,20.22,19.64,21.81,17.67
20101027,20.71,20.17,21.57,18.21
20101028,20.88,20.56,21.65,18.33
20101029,21.20,21.33,22.24,18.51
20101101,21.83,21.21,22.92,19.14
20101102,21.57,21.51,22.88,19.11
20101103,19.56,18.86,20.41,17.24
20101104,18.52,18.33,19.54,16.16
20101105,18.26,17.76,18.67,16.00
20101108,18.29,16.90,18.70,16.09
20101109,19.08,18.06,18.99,16.81
20101110,18.47,17.57,19.46,16.35
20101111,18.64,17.68,19.37,16.77
20101112,20.61,20.35,22.55,18.24
20101115,20.20,19.42,21.69,17.59
20101116,22.58,21.85,23.73,20.05
20101117,21.76,21.35,23.25,19.49
20101118,18.75,18.49,20.26,16.67
20101119,18.04,17.44,19.78,15.79
20101122,18.37,17.15,19.73,16.23
20101123,20.63,19.54,21.77,18.24
20101124,19.56,18.27,20.85,17.17
20101126,22.22,21.79,20.84,18.20
20101129,21.53,20.55,23.28,19.46
20101130,23.54,23.22,25.39,20.99
20101201,21.36,20.35,23.09,18.78
20101202,19.39,18.91,21.42,17.26
20101203,18.01,17.19,19.77,15.72
20101206,18.02,16.75,19.91,15.86
20101207,17.99,17.10,20.16,16.02
20101208,17.74,16.59,19.70,15.77
20101209,17.25,16.16,19.06,15.38
20101210,17.61,16.52,18.77,15.52
20101213,17.55,16.94,18.26,15.16
20101214,17.61,16.88,18.40,15.30
20101215,17.94,17.31,18.86,15.44
20101216,17.39,17.26,18.25,15.15
20101217,16.11,15.52,17.31,14.07
20101220,16.41,14.82,17.18,14.73
20101221,16.49,15.10,16.83,14.76
20101222,15.45,14.37,16.57,13.88
20101223,16.47,15.53,17.43,14.06
20101227,17.67,15.98,18.94,15.51
20101228,17.52,16.07,18.89,15.47
20101229,17.28,15.96,18.27,15.09
20101230,17.52,16.31,18.66,15.29
20101231,17.75,17.29,19.48,15.61
20110103,17.61,15.84,19.07,15.63
20110104,17.38,15.70,18.90,15.18
20110105,17.02,15.47,18.35,14.58
20110106,17.40,16.22,18.41,15.06
20110107,17.14,16.05,18.72,14.96
20110110,17.54,15.97,18.67,15.34
20110111,16.89,15.39,18.07,14.52
20110112,16.24,15.06,17.42,13.98
20110113,16.39,15.47,17.45,13.95
20110114,15.46,14.36,16.49,13.14
20110118,15.87,14.76,16.42,13.09
20110119,17.31,16.22,18.43,14.60
20110120,17.99,16.60,19.63,15.16
20110121,18.47,16.11,20.17,15.05
20110124,17.65,15.18,18.83,14.62
20110125,17.59,15.26,18.84,14.62
20110126,16.64,14.71,17.93,14.17
20110127,16.15,14.59,17.83,14.00
20110128,20.04,18.50,21.66,17.05
20110131,19.53,17.00,21.79,16.68
20110201,17.63,15.44,19.96,15.37
20110202,17.30,15.57,19.84,15.01
20110203,16.69,15.05,19.09,14.44
20110204,15.93,14.67,17.91,13.95
20110207,16.28,14.33,18.22,14.11
20110208,15.81,13.82,17.68,13.48
20110209,15.87,14.13,17.72,13.80
20110210,16.09,14.63,17.91,13.78
20110211,15.69,14.27,17.18,13.56
20110214,15.95,14.55,17.46,14.24
20110215,16.37,14.87,17.98,14.56
20110216,16.72,14.63,18.23,14.56
20110217,16.59,15.09,18.22,14.58
20110218,16.43,14.37,17.90,13.91
20110222,20.80,18.74,23.39,17.83
20110223,22.13,20.26,24.37,18.60
20110224,21.32,19.91,23.67,18.37
20110225,19.22,17.81,20.64,16.71
20110228,18.35,16.54,20.55,15.79
20110301,21.01,19.45,22.82,17.96
20110302,20.70,19.63,22.74,17.88
20110303,18.60,17.17,20.10,16.07
20110304,19.06,18.14,20.47,16.43
20110307,20.66,19.45,23.22,18.18
20110308,19.82,18.68,22.74,17.42
20110309,20.22,19.12,23.43,17.75
20110310,21.88,21.92,24.27,19.41
20110311,20.08,20.62,22.49,17.96
20110314,21.13,20.71,23.10,18.60
20110315,24.32,23.48,26.79,21.26
20110316,29.40,28.90,30.70,25.20
20110317,26.37,25.49,28.41,22.76
20110318,24.44,23.55,26.60,20.76
20110321,20.61,19.66,23.82,17.71
20110322,20.21,19.49,22.35,17.20
20110323,19.17,18.54,21.96,16.33
20110324,18.00,17.78,20.59,15.54
20110325,17.91,17.66,20.78,15.28
20110328,19.44,18.00,22.23,16.36
20110329,18.16,17.25,21.34,15.79
20110330,17.71,16.41,20.38,15.32
20110331,17.74,16.45,19.74,15.30
20110401,17.40,15.95,19.41,15.03
20110404,17.50,15.87,20.05,15.27
20110405,17.25,15.17,19.46,15.02
20110406,16.90,15.19,19.32,14.67
20110407,17.11,15.56,19.34,15.03
20110408,17.87,16.53,19.76,15.53
20110411,16.59,16.22,19.09,14.71
20110412,17.09,16.84,19.39,15.65
20110413,16.92,16.50,18.50,15.19
20110414,16.27,16.06,17.70,14.47
20110415,15.32,15.30,17.48,13.75
20110418,16.96,16.18,18.47,15.23
20110419,15.83,14.75,16.23,13.67
20110420,15.07,14.27,16.49,13.14
20110421,14.69,13.45,15.85,12.77
20110425,15.77,14.30,17.22,13.91
20110426,15.62,14.17,17.78,14.09
20110427,15.35,14.25,17.03,13.79
20110428,14.62,13.54,16.20,12.84
20110429,14.75,14.06,16.54,13.03
20110502,15.99,14.80,18.13,14.53
20110503,16.70,15.15,18.62,15.06
20110504,17.08,15.79,18.59,15.72
20110505,18.20,17.97,19.12,16.69
20110506,18.40,17.76,19.26,17.08
20110509,17.16,15.98,18.38,15.95
20110510,15.91,14.97,17.10,14.65
20110511,16.95,16.64,17.41,15.78
20110512,16.03,15.79,16.99,14.97
20110513,17.07,17.02,18.40,15.79
20110516,18.24,17.82,19.50,16.34
20110517,17.55,17.26,19.12,16.77
20110518,16.23,15.76,17.65,15.33
20110519,15.52,15.29,17.06,14.46
20110520,17.43,16.41,18.16,16.26
20110523,18.27,17.69,19.21,17.29
20110524,17.82,17.14,19.40,17.01
20110525,17.07,16.64,18.16,16.14
20110526,16.09,15.99,17.26,15.22
20110527,15.98,15.76,16.87,15.02
20110531,15.45,14.54,16.44,14.29
20110601,18.30,18.07,19.24,17.40
20110602,18.09,18.20,18.71,17.23
20110603,17.95,18.06,18.90,16.87
20110606,18.49,18.51,19.58,17.18
20110607,18.07,18.35,19.14,16.85
20110608,18.79,18.79,19.97,17.13
20110609,17.77,17.98,18.88,16.37
20110610,18.86,19.30,19.85,17.45
20110613,19.61,19.04,20.22,17.89
20110614,18.26,17.64,18.74,16.58
20110615,21.32,20.51,22.29,19.68
20110616,22.73,21.97,24.47,20.28
20110617,21.85,21.44,23.58,19.45
20110620,19.99,19.75,22.07,18.34
20110621,18.86,18.82,20.36,16.93
20110622,18.52,18.57,20.20,17.30
20110623,19.29,19.40,20.76,17.81
20110624,21.10,21.59,22.58,19.35
20110627,20.56,20.05,21.96,18.78
20110628,19.17,18.80,20.71,17.49
20110629,17.27,16.09,18.84,15.86
20110630,16.52,15.28,17.86,15.00
20110701,15.87,15.22,17.37,14.71
20110705,16.06,15.30,17.76,14.97
20110706,16.34,15.67,17.85,15.12
20110707,15.95,15.49,17.71,14.77
20110708,15.95,15.65,17.45,15.02
20110711,18.39,18.18,20.22,16.83
20110712,19.87,19.48,21.93,18.08
20110713,19.91,19.44,21.82,17.98
20110714,20.80,20.35,21.87,18.61
20110715,19.53,18.89,20.95,17.49
20110718,20.95,19.78,22.48,18.98
20110719,19.21,18.16,20.46,17.48
20110720,19.09,18.25,21.06,17.47
20110721,17.56,17.36,19.71,16.01
20110722,17.52,17.25,19.17,16.10
20110725,19.35,18.61,20.95,17.75
20110726,20.23,19.50,21.58,18.69
20110727,22.98,22.82,24.70,20.97
20110728,23.74,23.47,25.12,21.86
20110729,25.25,25.94,26.08,23.58
20110801,23.66,23.57,24.26,22.13
20110802,24.79,25.61,25.69,22.83
20110803,23.38,23.47,24.73,21.89
20110804,31.66,34.21,31.68,29.41
20110805,32.00,32.85,33.77,29.59
20110808,48.00,50.13,44.74,40.49
20110809,35.06,34.24,34.63,29.70
20110810,42.99,46.60,41.76,38.61
20110811,39.00,40.22,37.85,34.86
20110812,36.36,37.37,35.22,32.22
20110815,31.87,30.86,30.44,28.75
20110816,32.85,32.42,31.55,29.33
20110817,31.58,29.96,31.17,28.27
20110818,42.67,40.93,41.61,38.17
20110819,43.05,42.40,43.47,37.74
20110822,42.44,41.59,42.03,37.76
20110823,36.27,34.91,35.45,32.09
20110824,35.90,34.62,35.65,31.71
20110825,39.76,39.74,39.43,35.66
20110826,35.59,35.87,34.49,32.03
20110829,32.28,31.11,32.11,29.25
20110830,32.89,32.48,32.02,29.54
20110831,31.62,31.42,31.37,28.82
20110901,31.82,31.72,31.36,28.60
20110902,33.92,33.72,33.00,30.38
20110906,37.00,35.82,35.86,33.41
20110907,33.38,32.27,33.12,30.19
20110908,34.32,33.62,33.65,31.38
20110909,38.52,40.63,37.99,36.46
20110912,38.59,38.90,37.97,36.69
20110913,36.91,37.34,36.00,34.70
20110914,34.60,35.80,33.36,32.20
20110915,31.97,32.51,30.67,29.80
20110916,30.98,31.28,29.36,28.41
20110919,32.73,32.22,31.42,30.04
20110920,32.86,32.88,31.30,29.85
20110921,37.32,36.09,34.68,33.36
20110922,41.35,42.16,40.25,37.75
20110923,41.25,41.63,39.88,38.48
20110926,39.02,38.88,39.24,36.17
20110927,37.71,37.18,37.65,34.47
20110928,41.08,41.96,40.76,37.20
20110929,38.84,38.80,41.16,35.14
20110930,42.96,44.11,44.98,39.27
20111003,45.45,45.57,46.61,41.45
20111004,40.82,41.60,42.47,37.32
20111005,37.81,38.58,39.12,34.81
20111006,36.27,37.17,37.32,33.31
20111007,36.20,36.88,37.08,32.26
20111010,33.02,32.32,34.48,29.60
20111011,32.86,31.05,34.10,29.66
20111012,31.26,29.73,32.34,27.51
20111013,30.70,29.16,30.30,27.68
20111014,28.24,27.15,28.69,25.42
20111017,33.39,31.40,32.92,29.84
20111018,31.56,29.94,30.48,29.10
20111019,34.44,33.21,33.84,31.82
20111020,34.78,33.56,34.78,31.81
20111021,31.32,30.14,31.42,27.81
20111024,29.26,27.69,28.45,26.50
20111025,32.22,30.85,31.54,29.04
20111026,29.86,29.01,30.47,26.76
20111027,25.46,24.65,26.28,22.84
20111028,24.53,24.21,25.00,22.31
20111031,29.96,28.31,28.82,27.29
20111101,34.77,34.47,33.49,31.80
20111102,32.74,31.55,32.03,30.13
20111103,30.50,29.43,29.30,27.54
20111104,30.16,29.25,29.35,27.24
20111107,29.85,27.97,28.83,26.96
20111108,27.48,25.25,27.31,24.70
20111109,36.16,34.96,34.61,32.89
20111110,32.81,31.39,32.67,29.91
20111111,30.04,28.72,29.35,26.79
20111114,31.13,30.14,30.73,28.10
20111115,31.22,30.38,30.04,28.45
20111116,33.51,32.46,31.94,30.27
20111117,34.51,34.46,34.34,31.40
20111118,32.00,32.20,31.83,28.66
20111121,32.91,33.42,32.93,30.12
20111122,31.97,32.31,31.07,29.17
20111123,33.98,35.00,33.07,31.00
20111125,34.47,36.09,33.04,21.29
20111128,32.13,31.84,31.56,29.16
20111129,30.64,31.13,31.06,28.02
20111130,27.80,27.24,27.77,25.16
20111201,27.41,27.68,27.20,25.06
20111202,27.52,27.93,27.69,25.17
20111205,27.84,27.21,27.89,25.52
20111206,28.13,27.65,27.94,25.74
20111207,28.67,29.72,28.45,26.19
20111208,30.59,30.99,30.00,27.57
20111209,26.38,26.11,25.99,24.17
20111212,25.67,26.35,24.56,23.46
20111213,25.41,25.57,25.29,23.23
20111214,26.04,26.44,26.08,24.12
20111215,25.11,25.45,24.79,22.35
20111216,24.29,25.02,23.48,22.23
20111219,24.92,24.92,24.15,22.65
20111220,23.22,22.74,22.50,20.55
20111221,21.43,21.43,22.29,19.59
20111222,21.16,21.31,21.89,19.45
20111223,20.73,20.53,21.37,18.85
20111227,21.91,20.89,22.49,20.05
20111228,23.52,22.96,23.54,21.57
20111229,22.65,21.95,23.07,20.73
20111230,23.40,22.98,23.13,21.42
20120103,22.97,21.57,23.02,20.89
20120104,22.22,20.54,21.98,20.10
20120105,21.48,20.14,21.40,19.75
20120106,20.63,19.77,20.52,19.18
20120109,21.07,19.28,21.22,19.45
20120110,20.69,19.17,20.93,19.32
20120111,21.05,19.62,21.18,19.50
20120112,20.47,19.18,20.79,19.04
20120113,20.91,20.13,21.38,19.32
20120117,22.20,21.01,22.21,20.16
20120118,20.89,19.41,21.29,19.18
20120119,19.87,18.86,20.27,18.16
20120120,18.28,16.99,18.97,16.05
20120123,18.67,16.92,19.42,16.71
20120124,18.91,17.36,19.74,16.96
20120125,18.31,17.04,19.36,16.41
20120126,18.57,17.57,19.56,16.58
20120127,18.53,18.06,19.31,16.65
20120130,19.40,17.91,19.75,17.68
20120131,19.44,18.30,19.89,17.63
20120201,18.55,17.45,19.04,16.85
20120202,17.98,17.03,18.89,16.61
20120203,17.10,16.19,18.21,15.62
20120206,17.76,16.08,18.65,16.20
20120207,17.65,16.17,18.75,16.12
20120208,18.16,16.77,18.99,16.44
20120209,18.63,16.90,18.90,17.12
20120210,20.79,18.76,20.94,18.64
20120213,19.04,17.21,19.60,17.25
20120214,19.54,17.40,20.18,17.79
20120215,21.14,19.43,22.35,19.15
20120216,19.22,17.13,20.89,17.59
20120217,17.78,16.33,19.76,16.22
20120221,18.19,16.25,19.92,16.76
20120222,18.19,16.34,19.72,16.62
20120223,16.80,15.28,18.41,15.49
20120224,17.31,15.44,18.27,15.74
20120227,18.19,15.92,19.42,16.49
20120228,17.96,15.63,19.55,16.67
20120229,18.43,16.11,19.83,16.99
20120301,17.26,15.23,18.68,16.09
20120302,17.29,15.20,18.23,15.94
20120305,18.05,15.29,19.57,16.48
20120306,20.87,18.05,21.42,19.31
20120307,19.07,16.98,20.42,17.73
20120308,17.95,16.13,19.05,16.40
20120309,17.11,15.37,18.11,15.95
20120312,15.64,14.70,16.71,13.83
20120313,14.80,14.66,16.44,13.63
20120314,15.31,15.52,17.59,14.23
20120315,15.42,14.59,17.25,13.54
20120316,14.47,13.73,16.47,12.76
20120319,15.04,13.73,16.55,13.79
20120320,15.58,14.27,16.35,14.47
20120321,15.13,14.42,16.23,14.37
20120322,15.57,15.09,16.83,14.58
20120323,14.82,14.41,16.57,13.69
20120326,14.26,13.42,15.92,13.18
20120327,15.59,14.50,17.02,14.12
20120328,15.47,14.58,17.28,14.45
20120329,15.48,14.65,17.27,14.20
20120330,15.50,14.66,17.19,13.94
20120402,15.64,13.96,16.70,14.08
20120403,15.66,14.10,16.82,14.46
20120404,16.44,15.35,17.95,15.08
20120405,16.70,15.79,17.96,15.27
20120409,18.81,17.55,20.18,17.14
20120410,20.39,19.66,21.59,18.56
20120411,20.02,19.34,21.30,18.23
20120412,17.20,16.77,19.34,15.62
20120413,19.55,19.28,21.44,17.67
20120416,19.55,19.49,22.57,17.75
20120417,18.46,17.67,20.63,16.53
20120418,18.64,18.36,21.26,16.69
20120419,18.36,18.43,20.99,16.68
20120420,17.44,17.54,20.17,15.59
20120423,18.97,18.66,21.31,16.98
20120424,18.10,17.99,21.03,16.09
20120425,16.82,16.12,18.47,15.32
20120426,16.24,15.75,17.83,14.58
20120427,16.32,15.68,17.52,14.74
20120430,17.15,16.05,18.77,15.34
20120501,16.60,15.66,18.66,14.86
20120502,16.88,16.04,18.41,15.11
20120503,17.56,16.88,19.19,15.74
20120504,19.16,18.82,21.10,17.06
20120507,18.94,18.08,21.06,17.40
20120508,19.05,18.65,21.28,17.66
20120509,20.08,20.33,21.98,18.51
20120510,18.83,19.10,21.33,17.57
20120511,19.89,20.56,21.79,18.34
20120514,21.87,21.62,23.48,19.98
20120515,21.97,22.10,23.59,20.20
20120516,22.27,22.07,24.17,20.17
20120517,24.49,24.28,26.50,21.97
20120518,25.10,24.52,27.55,22.30
20120521,22.01,21.75,24.30,19.99
20120522,22.48,21.39,24.52,20.41
20120523,22.33,21.87,24.09,20.44
20120524,21.54,21.12,24.20,19.61
20120525,21.76,21.44,23.99,20.20
20120529,21.03,19.88,23.33,19.45
20120530,24.14,22.82,25.35,21.86
20120531,24.06,23.06,25.89,21.81
20120601,26.66,26.21,28.63,24.32
20120604,26.12,24.84,28.17,23.98
20120605,24.68,23.86,26.39,22.68
20120606,22.16,21.45,23.75,20.01
20120607,21.72,20.96,23.81,19.73
20120608,21.23,20.18,22.55,18.87
20120611,23.56,23.55,24.60,21.09
20120612,22.09,22.07,23.15,19.91
20120613,24.27,23.99,24.52,21.34
20120614,21.68,22.52,24.02,19.76
20120615,21.11,20.85,21.86,18.39
20120618,18.32,18.20,19.64,16.88
20120619,18.38,17.64,19.20,16.45
20120620,17.24,16.61,17.81,15.31
20120621,20.08,19.79,20.78,17.74
20120622,18.11,17.90,19.12,16.12
20120625,20.38,20.13,21.28,17.99
20120626,19.72,19.43,20.87,17.65
20120627,19.45,19.35,20.68,17.46
20120628,19.71,19.69,21.51,17.53
20120629,17.08,16.54,18.65,15.32
20120702,16.80,15.67,18.55,15.46
20120703,16.66,15.73,18.56,15.46
20120705,17.50,17.17,18.43,15.85
20120706,17.10,16.70,18.65,15.83
20120709,17.98,17.24,19.60,16.52
20120710,18.72,17.93,20.67,16.93
20120711,17.95,17.80,20.34,16.63
20120712,18.33,18.07,20.97,16.89
20120713,16.74,16.08,19.09,15.22
20120716,17.11,16.92,19.54,15.62
20120717,16.48,15.96,18.91,15.16
20120718,16.16,15.97,18.30,14.53
20120719,15.45,15.75,17.49,14.26
20120720,16.27,15.99,18.20,14.93
20120723,18.62,17.19,20.61,16.89
20120724,20.47,19.00,22.83,18.38
20120725,19.34,18.56,21.44,17.33
20120726,17.53,16.65,20.11,15.92
20120727,16.70,16.35,18.58,15.33
20120730,18.03,17.13,19.74,16.54
20120731,18.93,18.19,20.30,17.39
20120801,18.96,18.42,20.19,17.41
20120802,17.57,16.85,19.08,16.24
20120803,15.64,14.77,17.46,14.44
20120806,15.95,14.78,17.57,14.68
20120807,15.99,14.90,17.41,14.86
20120808,15.32,14.48,16.97,14.15
20120809,15.28,14.00,16.41,13.85
20120810,14.74,13.89,15.89,13.57
20120813,13.70,13.94,14.48,12.43
20120814,14.85,14.62,15.40,13.14
20120815,14.63,14.79,14.77,13.00
20120816,14.29,14.12,14.81,12.62
20120817,13.45,13.42,13.79,12.01
20120820,14.02,12.89,14.62,12.61
20120821,15.02,14.02,15.36,13.49
20120822,15.11,14.22,15.58,13.69
20120823,15.96,15.32,16.68,14.44
20120824,15.18,14.62,16.60,13.85
20120827,16.35,14.92,17.19,14.90
20120828,16.49,15.57,17.64,15.46
20120829,17.06,16.23,18.11,15.80
20120830,17.83,17.20,19.03,16.50
20120831,17.47,16.32,18.35,15.69
20120904,17.98,17.03,19.09,16.38
20120905,17.74,17.15,19.02,16.27
20120906,15.60,14.68,17.01,14.30
20120907,14.38,13.37,15.44,13.19
20120910,16.28,15.27,17.80,14.92
20120911,16.41,15.40,18.01,14.79
20120912,15.80,15.45,17.18,14.24
20120913,14.05,13.78,16.15,13.47
20120914,14.51,14.36,15.89,13.53
20120917,14.59,13.96,15.79,13.40
20120918,14.18,13.31,15.05,12.81
20120919,13.88,13.13,14.84,12.79
20120920,14.07,12.92,14.58,12.78
20120921,13.98,12.37,14.44,12.65
20120924,14.15,12.45,15.34,12.96
20120925,15.43,13.93,16.70,13.84
20120926,16.81,15.36,17.94,15.10
20120927,14.84,13.48,16.45,13.77
20120928,15.73,14.57,17.01,14.34
20121001,16.32,14.60,17.75,14.61
20121002,15.71,14.36,17.30,14.56
20121003,15.43,14.05,16.76,14.29
20121004,14.55,13.76,16.65,13.75
20121005,14.33,13.58,16.48,13.09
20121008,15.11,13.89,17.52,13.69
20121009,16.37,15.24,18.87,14.66
20121010,16.29,15.51,18.48,14.84
20121011,15.59,15.04,18.33,14.35
20121012,16.14,15.74,17.84,14.71
20121015,15.27,14.69,17.55,13.98
20121016,15.22,14.42,17.17,13.84
20121017,15.07,14.12,16.89,13.86
20121018,15.03,14.30,17.61,13.74
20121019,17.06,15.91,20.05,15.48
20121022,16.62,15.34,19.20,15.20
20121023,18.83,18.06,20.66,17.46
20121024,18.33,18.22,21.67,16.95
20121025,18.12,17.54,20.28,16.69
20121026,17.81,17.88,19.58,16.55
20121031,18.60,18.60,20.33,17.26
20121101,16.69,16.90,18.44,15.36
20121102,17.59,17.87,19.95,16.34
20121105,18.42,18.63,19.54,17.14
20121106,17.58,17.75,19.10,16.37
20121107,19.08,19.45,20.42,18.04
20121108,18.49,18.93,20.14,17.25
20121109,18.61,19.35,19.41,17.24
20121112,16.68,17.68,18.62,15.62
20121113,16.65,17.56,19.05,15.47
20121114,17.92,19.16,19.50,16.58
20121115,17.99,19.28,19.23,16.96
20121116,16.41,17.66,18.13,15.53
20121119,15.24,15.47,15.92,14.33
20121120,15.08,15.30,16.18,14.02
20121121,15.31,15.48,16.21,14.10
20121123,15.14,15.41,16.21,18.64
20121126,15.50,15.23,16.81,14.19
20121127,15.92,15.98,16.90,14.66
20121128,15.51,15.62,16.75,14.31
20121129,15.06,15.41,16.40,13.84
20121130,15.87,16.15,16.96,14.54
20121203,16.64,16.16,17.69,15.36
20121204,17.12,17.13,18.37,15.69
20121205,16.46,16.86,18.63,15.05
20121206,16.58,17.06,18.49,15.05
20121207,15.90,16.24,18.35,14.48
20121210,16.05,16.17,18.74,14.64
20121211,15.57,15.78,17.96,14.28
20121212,15.95,16.03,18.58,14.65
20121213,16.56,16.71,19.47,15.21
20121214,17.00,17.46,20.19,15.55
20121217,16.34,16.46,19.47,15.17
20121218,15.57,15.77,18.63,14.54
20121219,17.36,17.39,19.27,16.03
20121220,17.67,17.62,19.32,16.37
20121221,17.84,17.12,20.16,16.47
20121224,17.84,17.66,20.15,16.47
20121226,19.48,18.64,21.18,17.95
20121227,19.47,19.16,21.57,18.01
20121228,22.72,23.07,23.32,16.60
20121231,18.02,18.53,20.56,17.22
20130102,14.68,13.30,16.95,13.92
20130103,14.56,14.01,17.11,13.74
20130104,13.83,13.80,15.51,13.06
20130107,13.79,13.08,16.55,13.09
20130108,13.62,13.21,16.43,12.83
20130109,13.81,13.55,16.08,12.83
20130110,13.49,13.29,16.08,12.67
20130111,13.36,13.32,15.87,12.36
20130114,13.52,13.64,16.13,12.55
20130115,13.55,13.61,16.12,12.35
20130116,13.42,13.34,15.32,12.52
20130117,13.57,13.42,15.07,12.64
20130118,12.46,12.14,14.17,11.47
20130122,12.43,11.98,14.08,11.32
20130123,12.46,11.81,14.28,11.31
20130124,12.69,12.29,14.17,11.46
20130125,12.89,12.45,14.06,11.75
20130128,13.57,12.87,14.39,12.46
20130129,13.31,12.67,14.02,12.23
20130130,14.32,13.79,14.38,13.15
20130131,14.28,13.99,14.83,13.31
20130201,12.90,12.44,13.89,12.07
20130204,14.67,13.95,15.73,13.65
20130205,13.72,12.74,14.83,13.16
20130206,13.41,13.01,14.02,12.78
20130207,13.50,12.88,14.77,12.91
20130208,13.02,12.44,14.14,12.66
20130211,12.94,12.45,14.11,12.35
20130212,12.64,12.26,13.06,12.02
20130213,12.98,12.59,14.41,12.19
20130214,12.66,12.08,13.66,11.72
20130215,12.46,11.91,13.47,11.56
20130219,12.31,11.37,13.42,11.47
20130220,14.68,13.97,15.28,13.31
20130221,15.22,14.94,16.49,13.68
20130222,14.17,13.74,15.68,12.71
20130225,18.99,18.74,19.35,16.72
20130226,16.87,16.44,17.91,14.81
20130227,14.73,14.02,16.34,13.15
20130228,15.51,14.76,16.30,13.70
20130301,15.36,14.65,15.64,13.61
20130304,14.01,12.74,15.39,12.77
20130305,13.48,12.16,14.60,12.38
20130306,13.53,12.36,14.60,12.44
20130307,13.06,11.99,14.23,12.04
20130308,12.59,11.62,13.72,11.64
20130311,11.56,11.67,12.41,10.68
20130312,12.27,11.79,12.84,10.84
20130313,11.83,11.77,12.65,10.54
20130314,11.30,11.25,12.33,10.22
20130315,11.30,10.97,12.03,10.08
20130318,13.36,12.69,13.69,11.78
20130319,14.39,13.43,14.45,12.59
20130320,12.67,12.00,13.42,11.59
20130321,13.99,13.96,14.24,12.55
20130322,13.57,13.24,13.88,12.28
20130325,13.74,13.12,14.35,12.53
20130326,12.77,11.93,13.42,11.70
20130327,13.15,12.45,13.57,12.13
20130328,12.70,12.04,13.28,11.69
20130401,13.58,12.81,14.48,12.26
20130402,12.78,11.81,14.02,11.56
20130403,14.21,13.63,14.94,12.67
20130404,13.89,13.54,15.26,12.60
20130405,13.92,13.87,15.52,12.54
20130408,13.19,12.90,14.89,12.12
20130409,12.84,12.22,14.46,11.86
20130410,12.36,11.78,13.71,11.70
20130411,12.24,11.69,14.09,11.47
20130412,12.06,11.68,13.88,11.11
20130415,17.27,16.23,17.16,15.16
20130416,13.96,13.01,15.72,12.51
20130417,16.51,15.99,18.20,14.65
20130418,17.56,16.37,18.75,15.48
20130419,14.97,14.27,17.17,13.59
20130422,14.39,13.05,16.13,13.16
20130423,13.48,12.36,15.72,12.23
20130424,13.61,12.87,15.40,12.49
20130425,13.62,13.28,15.32,12.48
20130426,13.61,12.93,15.48,12.20
20130429,13.71,12.70,15.32,12.36
20130430,13.52,12.54,15.34,12.21
20130501,14.49,13.79,16.00,13.02
20130502,13.59,12.89,15.19,12.25
20130503,12.85,12.16,14.66,11.67
20130506,12.66,11.54,14.60,11.70
20130507,12.83,11.66,14.27,11.70
20130508,12.66,11.52,14.49,11.66
20130509,13.13,12.40,14.49,11.90
20130510,12.59,11.63,14.34,11.64
20130513,12.55,12.47,14.59,11.45
20130514,12.77,12.65,14.78,11.78
20130515,12.81,12.50,13.88,11.76
20130516,13.07,12.58,13.72,11.89
20130517,12.45,12.24,13.30,11.45
20130520,13.02,12.25,13.53,11.83
20130521,13.37,12.89,14.41,12.20
20130522,13.82,13.50,14.73,12.34
20130523,14.07,13.70,14.89,12.57
20130524,13.99,13.64,14.48,12.61
20130528,14.48,13.82,14.99,13.09
20130529,14.83,14.34,15.18,13.37
20130530,14.53,14.12,14.99,13.21
20130531,16.30,15.82,15.99,14.23
20130603,16.28,15.26,16.79,14.20
20130604,16.27,16.17,16.84,14.46
20130605,17.50,17.34,17.49,15.62
20130606,16.63,16.82,17.40,14.97
20130607,15.14,14.59,15.88,13.59
20130610,15.44,14.84,15.86,13.91
20130611,17.07,16.77,16.88,15.17
20130612,18.59,18.46,18.70,16.69
20130613,16.41,16.33,17.13,14.85
20130614,17.15,17.26,17.28,15.48
20130617,16.80,16.75,16.95,15.16
20130618,16.61,16.39,16.47,14.77
20130619,16.64,16.48,15.12,14.87
20130620,20.49,21.33,20.06,18.22
20130621,18.90,18.91,19.44,16.77
20130624,20.11,19.92,19.83,17.74
20130625,18.47,18.31,18.80,16.61
20130626,17.21,17.25,17.38,15.33
20130627,16.86,16.70,16.72,14.89
20130628,16.86,17.24,16.47,15.21
20130701,16.37,16.01,16.16,14.92
20130702,16.44,16.11,15.94,14.91
20130703,16.20,16.18,15.80,14.70
20130705,14.89,14.62,14.91,13.47
20130708,14.78,14.12,14.77,13.33
20130709,14.35,13.74,14.26,13.26
20130710,14.21,14.25,13.95,12.93
20130711,14.01,13.84,13.87,12.79
20130712,13.84,13.46,13.96,12.93
20130715,13.79,13.96,14.03,12.92
20130716,14.42,14.21,14.25,13.35
20130717,13.78,13.64,13.92,12.70
20130718,13.77,13.50,13.47,12.53
20130719,12.54,12.58,13.75,11.66
20130722,12.29,11.81,13.39,11.68
20130723,12.66,12.08,13.37,11.71
20130724,13.18,12.67,13.27,12.00
20130725,12.97,12.43,13.32,11.91
20130726,12.72,12.08,12.93,11.79
20130729,13.39,12.38,13.65,12.30
20130730,13.39,12.84,13.87,12.33
20130731,13.45,13.28,14.25,12.57
20130801,12.94,12.71,13.88,12.26
20130802,11.98,11.19,12.77,11.25
20130805,11.84,10.94,12.83,11.13
20130806,12.72,11.65,13.35,11.97
20130807,12.98,11.98,13.44,12.02
20130808,12.73,11.67,13.26,12.02
20130809,13.41,12.63,13.63,12.59
20130812,12.81,13.07,12.86,12.21
20130813,12.31,12.39,12.50,11.67
20130814,13.04,13.06,13.30,12.49
20130815,14.73,14.86,14.90,13.84
20130816,14.37,14.37,14.73,13.37
20130819,15.10,14.31,15.53,13.81
20130820,14.91,14.78,15.15,13.81
20130821,15.94,15.59,15.99,14.90
20130822,14.76,14.72,15.44,13.89
20130823,13.98,13.91,14.62,13.05
20130826,14.99,14.34,15.32,13.89
20130827,16.77,16.35,17.63,15.12
20130828,16.49,16.15,17.42,14.84
20130829,16.81,16.71,17.40,15.15
20130830,17.01,17.62,17.53,15.38
20130903,16.61,16.53,17.89,15.14
20130904,15.88,15.57,16.77,14.50
20130905,15.77,15.71,16.51,14.31
20130906,15.85,15.38,16.32,14.35
20130909,15.63,15.10,16.16,14.23
20130910,14.53,13.83,15.24,13.34
20130911,13.82,13.17,14.73,12.56
20130912,14.29,13.91,14.75,12.95
20130913,14.16,13.91,14.70,12.98
20130916,14.38,14.24,15.16,13.12
20130917,14.53,14.19,14.72,13.44
20130918,13.59,13.40,14.15,13.13
20130919,13.16,13.21,13.77,12.47
20130920,13.12,12.95,12.97,12.84
20130923,14.31,13.63,14.64,13.64
20130924,14.08,13.39,14.37,13.48
20130925,14.01,13.56,14.66,13.55
20130926,14.06,13.50,14.36,13.40
20130927,15.46,14.68,15.65,14.69
20130930,16.60,15.97,16.73,15.91
20131001,15.54,14.55,15.97,15.04
20131002,16.60,16.29,16.72,16.34
20131003,17.67,16.86,18.30,17.12
20131004,16.74,15.97,17.32,16.15
20131007,19.41,18.33,19.84,18.50
20131008,20.34,19.82,22.07,19.33
20131009,19.60,19.01,21.68,18.39
20131010,16.48,16.01,18.45,15.76
20131011,15.72,14.77,17.19,14.76
20131014,16.07,14.91,17.47,15.17
20131015,18.66,16.91,18.77,17.78
20131016,14.71,14.09,16.40,14.73
20131017,13.48,12.87,14.49,13.29
20131018,13.04,11.77,13.69,12.83
20131021,13.16,11.54,14.40,12.98
20131022,13.33,12.03,14.96,12.97
20131023,13.42,12.16,15.33,12.85
20131024,13.20,11.34,14.50,12.40
20131025,13.09,11.62,14.91,12.38
20131028,13.31,11.13,14.97,12.74
20131029,13.41,12.20,14.83,12.78
20131030,13.65,12.71,14.72,13.08
20131031,13.75,12.54,14.88,13.05
20131101,13.28,12.03,14.76,12.66
20131104,12.93,11.48,14.37,12.66
20131105,13.27,12.01,14.40,12.66
20131106,12.67,12.01,14.76,12.12
20131107,13.91,12.84,15.67,12.89
20131108,12.90,12.75,14.67,12.33
20131111,12.53,12.24,14.37,12.04
20131112,12.82,12.23,14.14,12.18
20131113,12.52,11.90,13.66,12.10
20131114,12.37,11.93,13.26,11.96
20131115,12.19,11.41,13.13,11.24
20131118,13.10,11.76,14.37,11.86
20131119,13.39,12.11,14.52,12.17
20131120,13.40,12.08,14.44,12.35
20131121,12.66,11.81,14.01,11.91
20131122,12.26,11.45,13.65,11.40
20131125,12.79,11.20,13.74,11.78
20131126,12.81,11.49,13.60,11.83
20131127,12.98,11.69,13.36,12.03
20131129,13.70,12.71,13.93,12.76
20131202,14.23,12.69,14.81,13.52
20131203,14.55,12.80,14.93,13.81
20131204,14.70,13.37,15.08,13.88
20131205,15.08,14.24,16.11,14.23
20131206,13.79,12.74,14.85,12.85
20131209,13.49,12.35,14.80,12.96
20131210,13.91,13.02,14.80,13.24
20131211,15.42,14.61,15.88,14.33
20131212,15.54,15.30,16.00,14.76
20131213,15.76,15.77,15.98,14.92
20131216,16.03,15.01,16.54,15.12
20131217,16.21,15.15,16.47,14.98
20131218,13.80,12.80,15.01,12.81
20131219,14.15,12.76,14.92,13.02
20131220,13.79,11.80,14.48,12.89
20131223,13.04,11.42,14.11,12.47
20131224,12.48,11.00,13.91,11.90
20131226,12.33,11.22,13.93,11.57
20131227,12.46,10.93,14.51,11.70
20131230,13.56,11.67,15.16,12.64
20131231,13.72,12.25,15.44,12.90
20140102,14.23,12.59,15.88,13.31
20140103,13.76,12.40,15.85,12.89
20140106,13.55,11.95,15.82,12.68
20140107,12.92,11.47,15.10,12.17
20140108,12.87,11.71,14.88,12.29
20140109,12.89,11.93,15.10,12.39
20140110,12.14,11.06,14.09,11.84
20140113,13.28,12.72,15.05,12.65
20140114,12.28,11.59,13.52,11.93
20140115,12.28,11.46,13.63,11.58
20140116,12.53,11.90,14.11,11.94
20140117,12.44,11.24,14.20,11.64
20140121,12.87,11.30,14.34,12.38
20140122,12.84,11.55,14.43,12.66
20140123,13.77,12.67,15.33,13.63
20140124,18.14,16.33,18.84,17.43
20140127,17.42,15.61,18.87,16.69
20140128,15.80,14.92,17.65,15.32
20140129,17.35,16.58,18.69,16.80
20140130,17.29,15.78,18.65,16.82
20140131,18.41,17.44,18.97,17.91
20140203,21.44,19.77,21.44,20.67
20140204,19.11,17.59,20.10,18.55
20140205,19.95,18.52,21.15,19.03
20140206,17.23,16.55,19.48,16.78
20140207,15.29,14.05,16.71,14.91
20140210,15.26,13.84,16.53,15.04
20140211,14.51,12.75,15.84,14.09
20140212,14.30,13.48,15.93,13.97
20140213,14.14,12.70,15.49,13.83
20140214,13.57,12.13,14.80,13.15
20140218,13.87,13.16,15.23,13.70
20140219,15.50,14.24,16.32,14.96
20140220,14.79,13.82,15.91,14.40
20140221,14.68,12.85,15.81,14.20
20140224,14.23,12.51,15.24,13.81
20140225,13.67,12.79,15.15,13.41
20140226,14.35,13.18,15.29,13.70
20140227,14.04,12.55,14.79,13.27
20140228,14.00,12.93,15.01,13.22
20140303,16.00,14.50,16.85,15.19
20140304,14.10,12.80,15.41,13.55
20140305,13.89,12.77,15.22,13.44
20140306,14.21,12.98,14.94,13.46
20140307,14.11,12.97,15.23,13.37
20140310,14.20,12.62,15.52,13.65
20140311,14.80,13.29,15.78,14.03
20140312,14.47,13.10,15.54,13.83
20140313,16.22,15.54,17.47,15.54
20140314,17.82,17.22,18.89,16.76
20140317,15.64,14.15,17.47,14.81
20140318,14.52,13.66,15.93,14.06
20140319,15.12,13.44,16.23,14.50
20140320,14.52,13.09,16.18,13.96
20140321,15.00,13.26,17.35,14.29
20140324,15.09,13.38,18.12,14.13
20140325,14.02,12.73,17.12,13.57
20140326,14.93,13.92,18.14,14.27
20140327,14.62,14.02,18.49,13.72
20140328,14.41,13.45,18.09,13.55
20140331,13.88,12.55,18.12,13.16
20140401,13.10,11.60,16.74,12.44
20140402,13.09,11.97,16.37,12.51
20140403,13.37,12.73,16.96,12.73
20140404,13.96,13.42,18.79,13.12
20140407,15.57,14.26,20.05,14.51
20140408,14.89,14.01,19.11,14.07
20140409,13.82,12.64,17.72,12.87
20140410,15.89,15.55,20.59,14.64
20140411,17.03,17.19,22.65,15.51
20140414,16.11,15.64,21.70,14.67
20140415,15.61,15.03,21.91,14.13
20140416,14.18,13.53,20.41,12.83
20140417,13.36,12.80,19.39,12.42
20140421,13.25,12.79,18.53,12.59
20140422,13.19,12.35,17.18,12.39
20140423,13.27,13.13,16.90,12.36
20140424,13.32,12.82,17.17,12.40
20140425,14.06,13.89,18.59,13.07
20140428,13.97,12.86,18.74,12.90
20140429,13.71,12.65,18.33,12.76
20140430,13.41,12.33,17.68,12.52
20140501,13.25,12.39,17.15,12.47
20140502,12.91,11.82,17.03,12.29
20140505,13.29,11.84,16.78,12.55
20140506,13.80,13.14,17.09,13.01
20140507,13.40,12.55,17.40,12.63
20140508,13.43,12.60,17.42,12.56
20140509,12.92,11.60,16.52,12.12
20140512,12.23,11.83,15.49,11.43
20140513,12.13,12.00,15.37,11.40
20140514,12.17,11.76,15.16,11.54
20140515,13.17,12.85,16.06,12.08
20140516,12.44,11.93,15.25,11.39
20140519,12.42,11.64,15.10,11.53
20140520,12.96,12.28,15.34,12.17
20140521,11.91,11.19,14.50,11.15
20140522,12.03,11.32,14.20,11.19
20140523,11.36,11.00,13.45,10.47
20140527,11.51,10.78,13.72,10.87
20140528,11.68,11.06,14.04,11.12
20140529,11.57,10.85,13.84,10.94
20140530,11.40,10.56,13.77,10.69
20140602,11.58,10.72,14.33,11.08
20140603,11.87,11.09,14.35,11.21
20140604,12.08,11.48,14.21,11.44
20140605,11.68,11.15,13.66,11.27
20140606,10.73,10.27,13.21,10.48
20140609,11.15,10.07,13.79,10.72
20140610,10.99,9.81,13.57,10.68
20140611,11.60,10.54,13.37,11.25
20140612,12.56,11.59,13.85,11.97
20140613,12.18,11.22,13.61,11.79
20140616,12.65,11.50,13.70,12.27
20140617,12.06,10.97,13.51,11.96
20140618,10.61,9.63,12.65,10.58
20140619,10.62,9.22,12.51,10.44
20140620,10.85,9.07,12.27,10.60
20140623,10.98,8.86,12.30,10.19
20140624,12.13,10.38,12.61,11.17
20140625,11.59,9.76,12.54,11.02
20140626,11.63,9.75,12.20,11.15
20140627,11.26,9.65,12.03,11.02
20140630,11.57,9.54,12.21,11.06
20140701,11.15,9.17,11.98,10.47
20140702,10.82,8.92,11.59,10.18
20140703,10.32,8.51,11.36,9.71
20140707,11.33,9.45,12.44,10.75
20140708,11.98,10.53,13.74,11.21
20140709,11.65,9.90,13.22,10.79
20140710,12.59,10.98,14.13,11.75
20140711,12.08,10.44,13.66,11.21
20140714,11.82,9.98,13.59,10.82
20140715,11.96,10.44,14.33,11.16
20140716,11.00,9.78,13.38,10.30
20140717,14.54,13.13,15.85,13.35
20140718,12.06,10.24,13.40,11.59
20140721,12.81,10.59,14.17,12.01
20140722,12.24,9.93,13.26,11.43
20140723,11.52,10.27,12.91,11.30
20140724,11.84,10.36,13.08,11.39
20140725,12.69,11.07,13.36,12.04
20140728,12.56,10.71,13.84,12.01
20140729,13.28,11.69,14.20,12.56
20140730,13.33,11.87,13.93,12.70
20140731,16.95,16.09,16.82,15.74
20140801,17.03,16.06,17.26,16.11
20140804,15.12,13.49,16.08,14.48
20140805,16.87,15.25,17.02,15.73
20140806,16.37,15.27,17.07,15.20
20140807,16.66,15.84,17.37,15.63
20140808,15.77,15.22,17.02,14.80
20140811,14.23,13.98,15.27,13.71
20140812,14.13,13.52,15.13,13.51
20140813,12.90,12.37,13.81,12.37
20140814,12.42,11.38,12.95,11.77
20140815,13.15,11.73,13.37,12.83
20140818,12.32,10.70,12.85,11.47
20140819,12.21,10.83,12.66,11.20
20140820,11.78,10.51,12.66,10.98
20140821,11.76,10.83,12.50,10.73
20140822,11.47,10.56,12.23,10.75
20140825,11.70,10.26,12.45,10.83
20140826,11.63,10.38,12.34,10.69
20140827,11.78,10.89,12.34,10.70
20140828,12.05,10.77,12.65,11.05
20140829,11.98,10.87,12.71,11.37
20140902,12.25,11.05,12.98,11.74
20140903,12.36,11.15,13.56,11.79
20140904,12.64,11.67,13.78,12.04
20140905,12.09,10.41,13.24,11.50
20140908,12.66,10.66,13.66,11.89
20140909,13.50,11.80,14.53,12.61
20140910,12.88,11.30,14.12,12.32
20140911,12.80,11.41,14.03,12.27
20140912,13.31,11.96,14.67,12.64
20140915,14.12,12.53,16.19,13.12
20140916,12.73,11.19,14.92,12.31
20140917,12.65,10.96,13.85,11.77
20140918,12.03,10.50,13.51,10.99
20140919,12.11,10.19,13.80,11.03
20140922,13.69,11.55,15.51,12.17
20140923,14.93,13.13,16.46,13.39
20140924,13.27,11.69,15.25,12.01
20140925,15.64,14.60,18.12,14.02
20140926,14.85,13.62,16.85,13.25
20140929,15.98,14.01,18.03,13.93
20140930,16.31,14.77,18.26,14.33
20141001,16.71,16.04,19.21,14.76
20141002,16.16,15.43,18.63,14.19
20141003,14.55,13.59,17.54,12.98
20141006,15.46,14.11,17.98,13.36
20141007,17.20,16.06,19.17,14.86
20141008,15.11,14.13,17.26,13.36
20141009,18.76,18.10,19.77,15.70
20141010,21.24,20.20,22.62,17.11
20141013,24.64,22.53,25.72,16.66
20141014,22.79,20.68,25.00,15.92
20141015,26.25,23.43,27.05,17.40
20141016,25.20,22.94,26.73,19.63
20141017,21.99,19.93,23.13,17.06
20141020,18.57,17.26,20.32,16.78
20141021,16.08,14.88,18.22,14.69
20141022,17.87,17.02,19.96,16.23
20141023,16.53,15.92,18.78,15.27
20141024,16.11,15.75,17.93,14.91
20141027,16.04,15.48,17.94,14.97
20141028,14.39,13.62,16.60,13.71
20141029,15.15,14.10,16.78,13.73
20141030,14.52,14.03,16.61,13.53
20141031,14.03,13.73,15.81,13.21
20141103,14.73,14.17,16.42,13.99
20141104,14.89,13.96,16.58,14.02
20141105,14.17,13.36,16.34,13.46
20141106,13.67,13.09,15.68,13.14
20141107,13.12,12.43,14.71,12.61
20141110,12.67,11.44,14.30,12.44
20141111,12.92,11.62,14.32,12.61
20141112,13.02,12.10,14.33,12.85
20141113,13.79,12.17,14.55,12.85
20141114,13.31,12.06,15.16,12.82
20141117,13.99,12.53,15.53,13.20
20141118,13.86,12.66,15.38,13.22
20141119,13.96,12.46,15.71,13.49
20141120,13.58,12.00,14.87,13.12
20141121,12.90,11.24,14.71,12.57
20141124,12.62,10.75,14.25,12.37
20141125,12.25,11.00,14.12,12.15
20141126,12.07,10.88,13.64,12.19
20141128,13.33,12.71,14.74,13.27
20141201,14.29,13.24,16.57,14.13
20141202,12.85,12.36,15.66,13.28
20141203,12.47,12.08,15.08,13.07
20141204,12.38,11.94,14.98,13.00
20141205,11.82,11.15,14.37,11.98
20141208,14.21,13.23,16.03,14.25
20141209,14.89,13.44,16.43,14.92
20141210,18.53,17.69,19.47,17.51
20141211,20.08,18.28,20.40,18.75
20141212,21.08,20.89,22.51,20.45
20141215,20.42,18.38,22.08,19.39
20141216,23.57,21.66,24.06,21.48
20141217,19.44,17.62,20.86,19.19
20141218,16.81,14.88,17.23,16.39
20141219,16.49,14.63,16.89,16.05
20141222,15.25,13.25,16.56,14.30
20141223,14.80,13.35,16.81,14.12
20141224,14.37,13.55,16.47,14.22
20141226,14.50,13.62,16.27,14.01
20141229,15.06,13.09,16.80,14.49
20141230,15.92,13.35,16.97,14.81
20141231,19.20,16.27,19.64,16.63
20150102,17.79,15.69,19.20,16.07
20150105,19.92,17.78,20.72,17.88
20150106,21.12,18.91,21.85,18.46
20150107,19.31,17.95,20.16,17.32
20150108,17.01,15.11,18.15,15.77
20150109,17.55,16.27,18.40,16.27
20150112,19.60,17.85,19.87,17.01
20150113,20.56,18.97,20.71,17.61
20150114,21.48,19.96,21.41,18.53
20150115,22.39,21.56,22.72,19.00
20150116,20.95,19.70,21.22,18.27
20150120,19.89,18.91,20.69,18.44
20150121,18.85,18.34,20.02,17.64
20150122,16.40,15.07,17.08,15.43
20150123,16.66,15.89,17.06,15.84
20150126,15.52,14.37,16.97,15.08
20150127,17.22,17.52,19.22,16.85
20150128,20.44,20.19,21.39,19.34
20150129,18.76,18.74,19.48,16.80
20150130,20.97,20.97,21.59,19.95
20150202,19.43,18.57,20.79,18.86
20150203,17.33,16.18,18.81,16.94
20150204,18.33,17.44,19.16,17.51
20150205,16.85,16.30,18.18,16.48
20150206,17.29,17.27,18.41,16.97
20150209,18.55,17.41,19.12,17.94
20150210,17.23,16.30,17.46,17.03
20150211,16.96,16.24,17.39,16.94
20150212,15.34,14.94,16.10,15.80
20150213,14.69,14.48,15.15,14.85
20150217,15.80,15.27,15.96,15.48
20150218,15.45,15.51,15.90,15.16
20150219,15.29,15.02,15.44,14.97
20150220,14.30,14.05,14.67,13.88
20150223,14.56,13.58,14.87,14.03
20150224,13.69,12.98,14.26,13.05
20150225,13.84,12.84,14.38,13.18
20150226,13.91,13.44,14.33,13.31
20150227,13.34,13.28,14.62,13.23
20150302,13.04,12.36,14.27,12.96
20150303,13.86,13.34,14.98,13.47
20150304,14.23,13.83,15.59,13.89
20150305,14.04,13.76,15.22,13.60
20150306,15.20,15.58,16.75,14.70
20150309,15.06,14.66,16.44,14.35
20150310,16.69,17.25,18.02,15.67
20150311,16.87,17.64,18.42,16.14
20150312,15.42,15.96,17.15,14.84
20150313,16.00,16.88,17.55,15.44
20150316,15.61,15.93,16.91,15.30
20150317,15.66,16.14,16.60,15.42
20150318,13.97,14.01,14.99,13.79
20150319,14.07,14.19,14.71,13.94
20150320,13.02,12.94,13.82,13.03
20150323,13.41,12.81,14.44,13.42
20150324,13.62,13.73,14.62,13.64
20150325,15.44,16.07,17.33,15.38
20150326,15.80,16.60,17.50,15.52
20150327,15.07,16.07,16.89,15.06
20150330,14.51,14.57,16.06,14.48
20150331,15.29,16.05,17.29,15.41
20150401,15.11,16.27,17.35,15.25
20150402,14.67,15.51,16.72,15.04
20150406,14.74,15.02,16.58,14.86
20150407,14.78,15.06,16.39,14.79
20150408,13.98,14.39,15.45,14.34
20150409,13.09,13.58,14.70,13.75
20150410,12.58,12.50,14.10,13.34
20150413,13.94,14.53,15.45,14.49
20150414,13.67,13.99,15.46,13.93
20150415,12.84,12.98,14.63,13.23
20150416,12.60,12.75,14.50,12.81
20150417,13.89,14.47,16.03,14.27
20150420,13.30,12.74,14.86,13.45
20150421,13.25,13.23,14.93,13.77
20150422,12.71,12.68,14.68,13.52
20150423,12.48,12.68,14.22,13.39
20150424,12.29,12.50,14.20,13.30
20150427,13.12,13.09,15.18,13.96
20150428,12.41,12.33,14.88,13.38
20150429,13.39,13.46,15.47,14.10
20150430,14.55,15.17,16.51,15.09
20150501,12.70,12.96,15.07,13.79
20150504,12.85,12.57,15.15,13.88
20150505,14.31,14.95,16.66,14.82
20150506,15.15,16.00,17.79,15.45
20150507,15.13,16.07,17.37,15.37
20150508,12.86,12.57,15.38,13.54
20150511,13.85,13.68,15.56,13.84
20150512,13.86,14.57,15.96,13.80
20150513,13.76,14.32,15.62,13.70
20150514,12.74,13.23,14.31,12.90
20150515,12.38,12.86,13.89,12.44
20150518,12.73,12.85,13.95,12.85
20150519,12.85,12.60,14.15,12.82
20150520,12.88,13.13,14.00,12.87
20150521,12.11,12.15,13.38,12.46
20150522,12.13,12.60,13.23,12.59
20150526,14.06,14.36,15.15,14.14
20150527,13.27,13.12,13.96,13.51
20150528,13.31,13.60,14.22,13.58
20150529,13.84,14.46,14.75,13.92
20150601,13.97,14.12,14.98,14.14
20150602,14.24,14.40,15.46,14.37
20150603,13.66,14.19,15.03,13.83
20150604,14.71,15.49,15.79,15.06
20150605,14.21,16.55,15.77,14.66
20150608,15.29,15.82,16.94,15.34
20150609,14.47,15.65,16.49,14.96
20150610,13.22,13.87,15.07,13.56
20150611,12.85,13.25,14.64,13.15
20150612,13.78,14.64,15.16,13.85
20150615,15.39,15.35,16.34,15.38
20150616,14.81,15.11,16.00,14.92
20150617,14.50,14.94,15.41,14.57
20150618,13.19,13.36,13.88,13.45
20150619,13.96,14.29,14.61,13.82
20150622,12.74,12.41,13.83,12.97
20150623,12.11,13.04,13.52,12.47
20150624,13.26,13.37,14.24,13.63
20150625,14.01,14.48,14.85,14.38
20150626,14.02,14.67,15.33,14.15
20150629,18.85,19.05,19.81,18.69
20150630,18.23,18.23,19.34,18.30
20150701,16.09,16.96,17.56,16.39
20150702,16.79,17.72,17.66,17.00
20150706,17.01,17.49,17.91,17.09
20150707,16.09,16.84,17.34,16.27
20150708,19.66,20.73,20.07,19.24
20150709,19.97,21.47,20.32,19.17
20150710,16.83,17.77,17.92,16.84
20150713,13.90,13.79,15.02,13.66
20150714,13.37,13.14,14.27,13.03
20150715,13.23,13.46,14.17,13.05
20150716,12.11,11.72,12.59,12.31
20150717,11.95,11.50,12.93,12.11
20150720,12.25,11.58,14.03,12.79
20150721,12.22,11.76,14.49,12.80
20150722,12.12,11.62,14.17,12.69
20150723,12.64,12.69,14.16,13.37
20150724,13.74,14.32,15.85,13.99
20150727,15.60,15.61,17.49,15.79
20150728,13.44,13.14,15.51,14.10
20150729,12.50,12.07,14.96,13.28
20150730,12.13,12.34,14.44,12.96
20150731,12.12,12.40,14.59,12.96
20150803,12.56,12.38,15.18,13.62
20150804,13.00,12.88,15.67,13.95
20150805,12.51,12.66,15.13,13.76
20150806,13.77,14.46,16.90,14.76
20150807,13.39,14.76,16.90,14.67
20150810,12.23,12.52,15.87,13.70
20150811,13.71,14.87,17.45,15.30
20150812,13.61,15.38,17.24,15.63
20150813,13.49,14.85,16.95,14.67
20150814,12.83,13.93,16.41,14.13
20150817,13.02,13.95,15.55,13.81
20150818,13.79,13.83,16.00,14.30
20150819,15.25,16.17,17.36,15.68
20150820,19.14,19.98,21.61,19.73
20150821,28.03,28.34,30.20,28.03
20150824,40.74,37.66,42.95,33.11
20150825,36.02,36.23,38.32,34.51
20150826,30.32,28.35,31.37,29.61
20150827,26.10,26.15,28.46,25.51
20150828,26.05,25.52,28.75,25.31
20150831,28.43,26.48,29.92,27.01
20150901,31.40,30.78,32.95,29.80
20150902,26.09,25.90,28.41,25.20
20150903,25.61,25.73,28.10,24.83
20150904,27.80,28.04,28.92,26.92
20150908,24.90,24.69,26.56,24.86
20150909,26.23,26.40,27.51,25.40
20150910,24.37,25.82,26.44,24.77
20150911,23.20,23.79,25.02,23.00
20150914,24.25,24.12,25.44,23.50
20150915,22.54,22.64,24.02,21.87
20150916,21.35,21.53,22.58,20.51
20150917,21.14,22.03,22.63,21.44
20150918,22.28,23.20,23.60,21.36
20150921,20.14,20.37,22.50,19.40
20150922,22.44,22.66,24.58,21.14
20150923,22.13,21.67,23.78,20.80
20150924,23.47,23.57,24.72,22.12
20150925,23.62,23.59,25.16,21.94
20150928,27.63,27.94,28.99,25.06
20150929,26.83,27.10,28.94,24.43
20150930,24.50,25.12,26.82,22.53
20151001,22.55,23.68,25.58,21.59
20151002,20.94,22.17,23.71,19.95
20151005,19.54,19.47,22.82,18.87
20151006,19.40,19.51,22.65,18.52
20151007,18.40,18.09,21.78,17.64
20151008,17.42,17.60,20.91,16.96
20151009,17.08,16.67,20.50,16.56
20151012,16.17,16.14,19.01,14.59
20151013,17.67,17.49,20.15,16.20
20151014,18.03,18.13,20.71,16.42
20151015,16.05,16.17,18.07,14.70
20151016,15.05,15.08,17.20,14.37
20151019,14.98,14.26,16.86,14.14
20151020,15.75,15.26,17.95,14.72
20151021,16.70,17.10,18.98,15.72
20151022,14.45,15.08,15.63,14.25
20151023,14.46,14.95,16.60,14.19
20151026,15.29,15.39,17.75,15.00
20151027,15.43,15.98,17.92,15.33
20151028,14.33,14.55,16.94,14.42
20151029,14.61,15.18,17.17,14.62
20151030,15.07,15.55,17.30,15.08
20151102,14.15,13.79,16.56,14.29
20151103,14.54,14.15,16.77,14.54
20151104,15.51,15.01,17.22,15.27
20151105,15.05,14.92,17.20,14.92
20151106,14.33,13.87,16.36,14.20
20151109,16.52,15.87,18.03,15.99
20151110,15.29,15.20,17.32,15.26
20151111,16.06,15.85,17.72,15.69
20151112,18.37,18.42,18.92,17.55
20151113,20.08,20.57,21.24,19.17
20151116,18.16,17.69,18.79,17.42
20151117,18.84,18.61,19.34,17.80
20151118,16.85,16.29,17.76,16.36
20151119,16.99,16.69,17.94,16.18
20151120,15.47,15.40,17.03,14.92
20151123,15.62,15.03,17.31,15.15
20151124,15.93,15.24,17.48,15.30
20151125,15.19,15.11,16.98,14.79
20151127,15.12,15.85,17.13,15.13
20151130,16.13,16.60,18.10,15.83
20151201,14.67,14.84,17.15,15.00
20151202,15.91,16.58,17.83,15.84
20151203,18.11,19.03,19.72,17.60
20151204,14.81,15.31,16.66,14.96
20151207,15.84,16.22,17.60,15.71
20151208,17.60,17.87,18.84,17.31
20151209,19.61,20.00,20.45,18.50
20151210,19.34,19.52,20.11,18.21
20151211,24.39,25.28,24.38,22.57
20151214,22.73,21.73,23.11,20.89
20151215,20.95,19.93,21.51,19.26
20151216,17.86,17.65,18.79,16.69
20151217,18.94,19.34,20.28,17.53
20151218,20.70,21.21,21.50,19.30
20151221,18.70,19.44,20.22,18.13
20151222,16.60,17.74,18.38,16.44
20151223,15.57,16.28,17.68,15.71
20151224,15.74,16.72,17.81,15.65
20151228,16.91,17.04,18.87,16.73
20151229,16.08,15.87,17.84,15.92
20151230,17.29,16.93,18.88,16.56
20151231,18.21,18.17,19.63,17.01
20160104,20.70,20.93,22.42,19.12
20160105,19.34,20.08,21.56,18.89
20160106,20.59,21.96,22.48,19.62
20160107,24.99,26.74,26.77,22.87
20160108,27.01,27.67,28.33,25.05
20160111,24.30,22.96,26.41,22.72
20160112,22.47,22.21,24.16,21.52
20160113,25.22,25.29,27.11,23.47
20160114,23.95,24.67,25.96,22.50
20160115,27.02,27.75,29.13,25.57
20160119,26.05,25.88,29.32,25.18
20160120,27.59,28.47,30.84,26.98
20160121,26.69,27.32,30.23,25.46
20160122,22.34,23.18,25.74,21.93
20160125,24.15,24.47,27.54,23.46
20160126,22.50,23.72,26.42,21.85
20160127,23.11,24.38,27.27,22.19
20160128,22.42,23.51,26.32,21.63
20160129,20.20,21.10,23.64,19.57
20160201,19.98,20.63,23.06,19.86
20160202,21.98,23.04,25.08,21.33
20160203,21.65,23.27,25.05,20.99
20160204,21.84,23.21,25.35,20.94
20160205,23.38,25.99,27.65,22.13
20160208,26.00,27.40,31.46,24.66
20160209,26.54,29.87,31.91,25.21
20160210,26.29,28.11,31.26,25.07
20160211,28.14,30.78,31.87,27.39
20160212,25.40,26.90,29.74,24.58
20160216,24.11,25.07,28.67,23.29
20160217,22.31,23.63,27.19,21.35
20160218,21.64,23.02,26.60,20.51
20160219,20.53,22.33,24.91,19.46
20160222,19.38,19.99,23.81,18.44
20160223,20.98,22.30,25.30,19.87
20160224,20.72,22.35,24.00,19.94
20160225,19.11,20.71,22.62,18.20
20160226,19.81,21.42,23.08,19.09
20160229,20.55,22.16,23.55,19.77
20160301,17.70,18.59,20.77,17.51
20160302,17.09,18.09,20.60,16.82
20160303,16.70,18.10,20.75,16.71
20160304,16.86,18.42,20.81,16.77
20160307,17.35,18.37,21.61,16.99
20160308,18.67,20.18,22.72,17.67
20160309,18.34,19.71,21.89,17.54
20160310,18.05,19.36,21.49,17.27
20160311,16.50,17.26,19.65,16.37
20160314,16.92,17.11,19.57,16.12
20160315,16.84,16.74,19.46,15.84
20160316,14.99,15.77,17.80,14.34
20160317,14.44,15.16,17.65,13.59
20160318,14.02,14.66,17.20,13.25
20160321,13.79,13.52,17.17,13.41
20160322,14.17,14.16,16.98,13.79
20160323,14.94,15.02,17.75,14.33
20160324,14.74,14.91,17.31,14.19
20160328,15.24,15.22,18.39,14.65
20160329,13.82,13.52,16.90,13.69
20160330,13.56,13.10,16.53,13.26
20160331,13.95,13.80,16.85,13.74
20160401,13.10,13.16,15.84,13.59
20160404,14.12,13.75,16.85,14.28
20160405,15.42,15.44,18.02,15.40
20160406,14.09,14.02,16.64,14.74
20160407,16.16,16.50,18.62,15.70
20160408,15.36,15.48,18.48,15.33
20160411,16.26,15.93,18.59,14.91
20160412,14.85,14.69,17.48,13.97
20160413,13.84,13.66,16.26,12.85
20160414,13.72,13.91,16.60,12.72
20160415,13.62,13.87,16.05,12.79
20160418,13.35,13.46,16.04,13.11
20160419,13.24,13.05,16.43,12.78
20160420,13.28,13.62,16.31,12.99
20160421,13.95,13.53,16.57,13.49
20160422,13.22,13.49,16.61,13.15
20160425,14.08,13.68,17.21,13.84
20160426,13.96,14.83,17.26,13.93
20160427,13.77,13.79,17.06,13.65
20160428,15.22,15.39,18.07,14.88
20160429,15.70,16.04,19.30,15.01
20160502,14.68,14.45,18.28,14.52
20160503,15.60,15.41,19.02,15.28
20160504,16.05,16.75,19.32,15.67
20160505,15.91,16.58,19.14,15.58
20160506,14.72,15.26,17.54,14.43
20160509,14.57,14.75,17.38,14.49
20160510,13.63,14.01,16.27,13.82
20160511,14.69,14.95,17.16,14.78
20160512,14.41,14.96,17.26,14.34
20160513,15.04,15.82,17.10,15.22
20160516,14.68,14.58,16.37,14.46
20160517,15.57,15.71,17.60,15.06
20160518,15.95,16.13,17.41,15.31
20160519,16.33,16.35,17.88,15.74
20160520,15.20,15.26,16.40,14.48
20160523,15.82,15.02,16.85,14.67
20160524,14.42,13.69,15.32,13.57
20160525,13.90,12.77,15.01,13.14
20160526,13.43,12.70,14.71,12.81
20160527,13.12,12.20,14.55,12.44
20160531,14.19,13.28,15.25,13.70
20160601,14.20,13.38,15.39,13.57
20160602,13.63,12.72,15.15,13.09
20160603,13.47,12.59,15.03,12.66
20160606,13.65,12.64,15.25,13.24
20160607,14.05,13.04,15.26,12.79
20160608,14.08,12.91,15.27,13.11
20160609,14.64,13.68,15.68,13.72
20160610,17.03,15.54,17.64,14.86
20160613,20.97,18.84,20.61,18.44
20160614,20.50,18.38,20.43,18.20
20160615,20.14,18.87,20.19,18.17
20160616,19.37,20.30,19.83,17.70
20160617,19.41,18.63,20.25,17.68
20160620,18.37,17.09,19.31,16.79
20160621,18.48,17.41,19.59,17.16
20160622,21.17,20.12,21.64,19.30
20160623,17.25,15.92,18.21,16.30
20160624,25.76,23.27,24.88,22.71
20160627,23.85,22.01,24.39,21.95
20160628,18.75,17.91,20.11,17.97
20160629,16.64,15.95,18.47,15.87
20160630,15.63,14.77,17.58,15.15
20160701,14.77,13.90,16.83,14.26
20160705,15.58,14.70,17.92,15.08
20160706,14.96,14.22,17.49,15.58
20160707,14.76,14.19,17.28,14.72
20160708,13.20,12.35,15.74,13.43
20160711,13.54,12.10,15.11,12.61
20160712,13.55,12.30,15.09,12.76
20160713,13.04,12.22,15.24,12.27
20160714,12.82,12.25,14.66,12.08
20160715,12.67,11.68,14.29,11.75
20160718,12.44,11.40,14.71,12.09
20160719,11.97,11.21,14.57,11.70
20160720,11.77,11.23,14.27,11.65
20160721,12.74,10.04,14.98,12.59
20160722,12.02,10.55,14.59,12.00
20160725,12.87,11.88,15.60,13.00
20160726,13.05,12.54,15.93,13.02
20160727,12.83,12.24,15.14,12.43
20160728,12.72,13.63,14.84,12.24
20160729,11.87,11.52,13.97,11.98
20160801,12.44,11.14,14.52,12.56
20160802,13.37,12.48,15.41,13.17
20160803,12.86,12.02,15.18,12.79
20160804,12.42,11.81,14.47,12.53
20160805,11.39,10.56,13.77,11.85
20160808,11.50,10.64,14.06,11.76
20160809,11.66,10.52,14.19,11.41
20160810,12.05,11.09,14.55,11.69
20160811,11.68,10.82,14.31,11.62
20160812,11.55,10.67,13.99,11.61
20160815,11.81,10.50,14.01,11.44
20160816,12.64,11.45,14.92,12.10
20160817,12.19,11.15,14.76,11.60
20160818,11.43,10.39,14.15,11.16
20160819,11.34,10.32,13.42,11.09
20160822,12.27,10.56,14.00,11.92
20160823,12.38,10.76,14.21,12.11
20160824,13.45,12.00,15.26,12.72
20160825,13.63,12.54,15.36,12.94
20160826,13.65,12.20,15.16,12.97
20160829,12.94,11.11,15.00,12.72
20160830,13.12,11.27,15.11,12.64
20160831,13.42,12.15,15.34,12.78
20160901,13.48,12.35,15.39,12.85
20160902,11.98,10.80,14.32,11.65
20160906,12.02,10.32,14.32,11.98
20160907,11.94,10.62,13.89,12.05
20160908,12.51,11.19,14.48,12.06
20160909,17.50,17.36,17.96,16.48
20160912,15.16,13.39,15.31,13.34
20160913,17.85,17.06,17.95,16.55
20160914,18.14,16.43,18.30,16.75
20160915,16.30,15.51,16.39,14.90
20160916,15.37,14.80,15.14,14.61
20160919,15.53,15.01,16.11,14.86
20160920,15.92,15.53,16.55,15.39
20160921,13.30,13.41,14.98,13.13
20160922,12.02,11.84,13.66,12.08
20160923,12.29,12.24,13.98,12.45
20160926,14.50,14.29,16.44,14.82
20160927,13.10,12.94,15.09,13.52
20160928,12.39,12.25,15.03,13.01
20160929,14.02,14.82,16.23,14.70
20160930,13.29,13.30,15.45,13.76
20161003,13.57,13.47,15.86,14.15
20161004,13.63,14.05,16.25,14.47
20161005,12.99,13.49,15.86,13.94
20161006,12.84,13.50,15.70,13.93
20161007,13.48,14.08,15.66,14.17
20161010,13.38,12.49,15.50,13.63
20161011,15.36,15.25,17.02,15.04
20161012,15.91,15.31,17.23,15.25
20161013,16.69,16.55,17.65,15.82
20161014,16.12,15.99,17.40,15.48
20161017,16.21,15.80,17.58,15.62
20161018,15.28,15.33,16.97,15.06
20161019,14.41,14.78,16.41,14.32
20161020,13.75,14.01,15.63,13.81
20161021,13.34,13.57,15.37,13.78
20161024,13.02,13.09,14.93,13.68
20161025,13.46,13.98,15.88,14.00
20161026,14.24,14.71,16.51,14.59
20161027,15.36,16.28,17.33,15.42
20161028,16.19,17.16,18.23,16.35
20161031,17.06,18.25,19.32,17.29
20161101,18.56,19.30,20.66,18.31
20161102,19.32,20.78,21.24,18.58
20161103,22.08,22.67,22.36,20.63
20161104,22.51,24.19,23.03,21.46
20161107,18.71,19.13,19.66,18.00
20161108,18.74,18.75,20.20,17.93
20161109,14.38,14.28,17.15,14.62
20161110,14.74,15.18,19.07,14.55
20161111,14.17,14.19,18.95,15.02
20161114,14.48,14.34,19.70,13.96
20161115,13.37,13.25,17.60,13.30
20161116,13.72,13.69,17.30,13.61
20161117,13.35,13.22,16.02,13.56
20161118,12.85,12.91,15.51,13.14
20161121,12.42,11.80,14.74,12.66
20161122,12.41,11.98,14.28,12.55
20161123,12.43,12.04,14.26,12.77
20161125,12.34,12.08,14.39,12.81
20161128,13.15,12.59,15.12,13.66
20161129,12.90,12.44,14.94,13.17
20161130,13.33,13.32,15.13,13.50
20161201,14.07,14.03,17.18,13.62
20161202,14.12,14.11,16.99,13.58
20161205,12.14,11.83,15.87,12.32
20161206,11.79,11.26,15.26,12.22
20161207,12.22,11.93,15.20,12.07
20161208,12.64,12.86,14.82,13.21
20161209,11.75,10.85,14.27,12.41
20161212,12.64,11.56,13.87,12.09
20161213,12.72,12.30,14.33,12.29
20161214,13.19,12.42,14.53,12.54
20161215,12.79,12.05,14.21,12.30
20161216,12.20,11.58,13.23,11.77
20161219,11.71,10.63,13.11,11.48
20161220,11.45,10.84,13.08,11.45
20161221,11.27,10.93,13.26,11.36
20161222,11.43,11.09,13.42,11.49
20161223,11.44,11.09,13.24,11.54
20161227,11.99,11.20,14.24,12.31
20161228,12.95,12.18,15.40,12.91
20161229,13.37,12.91,15.56,13.32
20161230,14.04,13.43,16.68,13.88
20170103,12.85,11.78,16.06,13.08
20170104,11.85,11.41,15.18,12.27
20170105,11.67,11.00,14.63,12.04
20170106,11.32,11.05,13.85,11.79
20170109,11.56,10.73,14.22,12.05
20170110,11.49,10.80,14.13,12.05
20170111,11.26,10.68,13.94,11.70
20170112,11.54,11.04,13.86,11.83
20170113,11.23,10.62,13.34,11.73
20170117,11.87,10.98,13.88,12.22
20170118,12.48,11.23,13.51,12.79
20170119,12.78,11.61,14.06,12.74
20170120,11.54,10.50,13.04,11.47
20170123,11.77,10.77,13.49,11.88
20170124,11.07,10.56,12.64,11.16
20170125,10.81,10.09,12.65,10.85
20170126,10.63,9.39,12.64,10.67
20170127,10.58,9.87,12.30,10.56
20170130,11.88,10.63,13.71,12.13
20170131,11.99,11.07,14.29,12.25
20170201,11.81,10.83,13.09,11.93
20170202,11.93,10.92,13.63,12.10
20170203,10.97,10.14,12.78,11.36
20170206,11.37,10.11,13.01,11.39
20170207,11.29,10.09,13.03,11.40
20170208,11.45,10.37,12.92,11.81
20170209,10.88,10.40,12.65,11.22
20170210,10.85,10.41,12.31,10.98
20170213,11.07,10.34,12.18,10.84
20170214,10.74,9.07,11.69,10.72
20170215,11.97,10.77,12.23,11.79
20170216,11.76,10.54,12.74,11.60
20170217,11.49,11.27,12.07,11.33
20170221,11.57,10.53,12.98,11.74
20170222,11.74,10.49,12.56,11.71
20170223,11.71,10.72,13.29,11.71
20170224,11.47,10.65,12.75,11.34
20170227,12.09,10.77,13.19,12.32
20170228,12.92,11.28,13.60,12.94
20170301,12.54,11.68,12.90,12.41
20170302,11.81,12.00,12.71,11.86
20170303,10.96,10.08,11.77,11.26
20170306,11.24,9.76,12.19,11.34
20170307,11.45,10.18,12.13,11.15
20170308,11.86,10.53,12.25,11.68
20170309,12.30,11.17,12.47,12.07
20170310,11.66,10.50,11.90,11.52
20170313,11.35,9.77,11.19,10.37
20170314,12.30,10.40,11.70,11.40
20170315,11.63,9.85,11.28,7.58
20170316,11.21,9.29,10.96,10.56
20170317,11.28,9.15,10.57,10.33
20170320,11.34,9.39,10.31,10.46
20170321,12.47,11.21,12.50,11.98
20170322,12.81,11.85,12.78,12.38
20170323,13.12,12.22,13.70,12.21
20170324,12.96,13.34,12.66,12.31
20170327,12.50,11.41,12.78,12.12
20170328,11.53,10.43,12.12,10.98
20170329,11.42,10.07,11.53,10.99
20170330,11.54,9.99,11.54,10.97
20170331,12.37,10.47,11.75,11.44
20170403,12.38,10.45,12.37,11.59
20170404,11.79,9.93,12.15,11.23
20170405,12.89,11.47,13.14,12.33
20170406,12.39,11.31,12.73,11.86
20170407,12.87,11.66,13.49,12.14
20170410,14.05,11.81,14.22,12.64
20170411,15.07,12.75,15.13,13.98
20170412,15.77,13.03,15.56,14.13
20170413,15.96,14.40,15.90,14.58
20170417,14.66,13.29,15.24,13.71
20170418,14.42,13.02,15.47,13.77
20170419,14.93,13.87,15.47,14.36
20170420,14.15,12.67,14.46,13.04
20170421,14.63,13.36,14.87,13.84
20170424,10.84,9.42,12.06,10.30
20170425,10.76,8.62,12.01,10.36
20170426,10.85,9.65,11.95,10.40
20170427,10.36,9.93,11.11,10.22
20170428,10.82,9.25,11.53,10.49
20170501,10.11,9.13,12.20,10.31
20170502,10.59,10.19,12.95,10.66
20170503,10.68,9.63,11.98,10.73
20170504,10.46,10.56,12.18,10.95
20170505,10.57,9.93,12.31,10.78
20170508,9.77,9.61,11.86,10.41
20170509,9.96,9.44,12.67,10.59
20170510,10.21,9.48,12.34,10.94
20170511,10.60,9.91,12.76,10.84
20170512,10.40,9.56,12.30,10.63
20170515,10.42,9.51,12.03,10.38
20170516,10.65,10.12,11.59,10.42
20170517,15.59,13.88,16.46,13.70
20170518,14.66,12.69,15.66,13.47
20170519,12.04,11.07,13.86,11.09
20170522,10.93,9.59,12.88,10.12
20170523,10.72,9.54,12.75,10.19
20170524,10.02,8.97,12.37,9.71
20170525,9.99,9.26,12.58,9.92
20170526,9.81,9.16,12.26,9.60
20170530,10.38,9.40,12.90,10.28
20170531,10.41,8.74,12.94,10.30
20170601,9.89,9.15,12.69,9.90
20170602,9.75,9.02,12.91,10.04
20170605,10.07,8.99,13.20,10.64
20170606,10.45,9.73,13.96,11.06
20170607,10.39,9.49,14.05,10.83
20170608,10.16,9.42,13.66,10.56
20170609,10.70,10.39,18.13,10.59
20170612,11.46,9.36,16.98,10.61
20170613,10.42,9.06,15.10,10.03
20170614,10.64,9.09,16.01,9.99
20170615,10.90,9.73,16.20,10.46
20170616,10.38,8.89,16.30,9.83
20170619,10.37,8.53,14.60,9.94
20170620,10.86,9.33,15.29,10.36
20170621,10.75,10.60,14.76,10.40
20170622,10.48,9.23,14.80,10.22
20170623,10.02,9.78,14.47,9.71
20170626,9.90,8.36,15.44,9.85
20170627,11.06,9.99,17.26,10.86
20170628,10.03,8.61,16.05,9.88
20170629,11.44,10.43,18.43,10.59
20170630,11.18,10.13,17.61,10.53
20170703,11.22,10.04,18.74,10.88
20170705,11.07,9.73,17.26,10.86
20170706,12.54,12.16,18.00,11.86
20170707,11.19,9.97,16.81,11.05
20170710,11.11,8.93,16.70,10.87
20170711,10.89,9.30,16.42,10.85
20170712,10.30,10.36,15.10,10.20
20170713,9.90,8.40,14.62,9.91
20170714,9.51,8.64,13.80,9.76
20170717,9.82,8.07,14.50,9.97
20170718,9.89,9.22,13.90,9.88
20170719,9.79,8.89,13.95,9.67
20170720,9.58,9.00,14.36,9.63
20170721,9.36,7.77,14.36,9.55
20170724,9.43,7.87,14.59,9.63
20170725,9.43,6.32,13.82,9.84
20170726,9.60,7.56,13.89,9.70
20170727,10.11,8.39,15.89,10.14
20170728,10.29,8.26,15.91,10.46
20170731,10.26,8.65,15.87,10.37
20170801,10.09,7.70,14.83,10.05
20170802,10.28,8.20,14.61,10.65
20170803,10.44,8.46,14.69,10.26
20170804,10.03,8.90,14.09,10.33
20170807,9.93,8.55,14.21,10.61
20170808,10.96,9.03,15.23,11.47
20170809,11.11,9.09,15.43,11.57
20170810,16.04,13.86,19.06,15.07
20170811,15.51,12.87,17.77,13.89
20170814,12.33,9.60,15.06,12.04
20170815,12.04,9.46,14.36,11.34
20170816,11.74,9.37,14.22,11.12
20170817,15.55,12.82,18.60,13.93
20170818,14.26,12.91,17.85,13.28
20170821,13.19,11.80,17.37,12.53
20170822,11.35,10.04,15.21,10.90
20170823,12.25,10.90,15.80,11.72
20170824,12.23,11.25,15.97,11.59
20170825,11.28,10.28,15.52,11.19
20170828,11.32,10.05,15.18,11.46
20170829,11.70,9.93,15.98,11.66
20170830,11.22,9.75,15.12,11.58
20170831,10.59,9.26,14.33,11.12
20170901,10.13,8.94,14.10,10.62
20170905,12.23,10.84,16.13,12.45
20170906,11.63,9.81,15.56,11.77
20170907,11.55,9.84,15.40,11.47
20170908,12.12,10.76,16.07,12.01
20170911,10.73,8.74,14.07,9.63
20170912,10.58,8.29,13.37,10.01
20170913,10.50,8.16,12.80,9.96
20170914,10.44,8.29,13.40,9.84
20170915,10.17,7.80,12.51,9.84
20170918,10.15,7.82,13.61,9.76
20170919,10.18,8.01,13.30,9.95
20170920,9.78,7.85,13.42,9.83
20170921,9.67,7.91,13.71,9.88
20170922,9.59,7.89,13.81,10.01
20170925,10.21,8.18,15.65,10.35
20170926,10.17,8.49,15.28,10.52
20170927,9.87,8.42,15.32,10.32
20170928,9.55,8.12,14.98,10.12
20170929,9.51,7.87,13.85,10.37
20171002,9.45,7.47,13.88,10.21
20171003,9.51,7.70,13.62,10.11
20171004,9.63,7.78,13.45,10.09
20171005,9.19,7.63,12.88,10.03
20171006,9.65,7.85,13.33,10.07
20171009,10.33,8.07,14.04,10.57
20171010,10.08,7.86,14.29,10.77
20171011,9.85,7.54,14.09,10.63
20171012,9.91,8.05,14.33,10.40
20171013,9.61,7.57,13.97,10.19
20171016,9.91,7.37,14.49,10.05
20171017,10.31,7.40,14.40,10.42
20171018,10.07,7.53,14.32,10.93
20171019,10.05,7.84,14.64,11.39
20171020,9.97,7.54,14.32,11.69
20171023,11.07,8.72,15.74,12.52
20171024,11.16,7.97,15.51,13.59
20171025,11.23,9.65,16.31,12.66
20171026,11.30,9.32,15.82,13.31
20171027,9.80,8.27,14.30,11.89
20171030,10.50,8.69,15.05,12.55
20171031,10.18,8.62,15.06,11.00
20171101,10.20,8.85,14.95,10.83
20171102,9.93,8.78,14.70,10.90
20171103,9.14,8.09,13.90,10.23
20171106,9.40,8.08,13.90,10.40
20171107,9.89,8.63,14.12,10.41
20171108,9.78,8.35,14.06,10.26
20171109,10.50,9.26,15.04,11.35
20171110,11.29,9.80,15.03,11.57
20171113,11.50,9.94,14.84,11.56
20171114,11.59,9.82,15.00,11.95
20171115,13.13,11.36,16.09,13.53
20171116,11.76,9.48,14.31,12.32
20171117,11.43,9.75,13.79,12.38
20171120,10.65,8.91,13.82,11.48
20171121,9.73,8.13,12.78,10.67
20171122,9.88,8.12,12.74,10.92
20171124,9.67,8.51,12.38,11.21
20171127,9.87,8.64,13.04,10.99
20171128,10.03,9.03,13.41,10.52
20171129,10.70,9.78,16.38,12.78
20171130,11.28,10.36,15.93,13.42
20171201,11.43,10.86,16.57,14.11
20171204,11.68,10.46,18.03,14.07
20171205,11.33,9.92,17.12,13.83
20171206,11.02,9.71,16.71,13.24
20171207,10.16,9.56,15.86,12.65
20171208,9.58,8.54,14.42,11.68
20171211,9.34,7.76,12.59,11.04
20171212,9.92,8.33,12.86,11.41
20171213,10.18,8.56,12.74,11.34
20171214,10.49,8.69,12.39,11.60
20171215,9.42,7.88,11.88,10.57
20171218,9.53,7.96,12.53,11.60
20171219,10.03,8.52,12.82,11.45
20171220,9.72,8.40,12.78,10.58
20171221,9.62,8.33,12.65,11.40
20171222,9.90,8.45,12.54,10.51
20171226,10.25,7.83,13.64,10.91
20171227,10.47,8.90,14.29,10.59
20171228,10.18,8.43,14.62,11.02
20171229,11.04,9.46,15.68,11.78
20180102,9.77,8.16,14.93,11.05
20180103,9.15,7.99,14.16,10.47
20180104,9.22,8.32,13.97,10.09
20180105,9.22,8.56,13.48,10.21
20180108,9.52,8.61,13.84,10.52
20180109,10.08,9.19,14.63,10.91
20180110,9.82,8.74,15.28,10.66
20180111,9.88,8.88,14.77,10.54
20180112,10.16,9.30,14.57,10.90
20180116,11.66,10.80,16.34,12.58
20180117,11.91,10.83,16.20,12.99
20180118,12.22,11.04,16.95,12.95
20180119,11.27,10.41,16.15,12.07
20180122,11.03,10.05,16.29,12.58
20180123,11.10,10.45,16.75,12.76
20180124,11.47,11.36,17.90,13.02
20180125,11.58,11.51,18.25,13.22
20180126,11.08,11.47,17.52,12.73
20180129,13.84,13.81,19.22,14.89
20180130,14.79,14.54,20.35,15.64
20180131,13.54,13.77,19.65,14.67
20180201,13.47,13.44,19.15,14.60
20180202,17.31,16.82,20.66,17.32
20180205,37.32,35.94,33.02,22.90
20180206,29.98,24.93,26.70,25.35
20180207,27.73,21.00,24.73,21.49
20180208,33.46,32.36,33.89,28.43
20180209,29.06,26.16,29.62,28.20
20180212,25.61,21.09,24.94,26.39
20180213,24.97,20.30,23.71,23.93
20180214,19.26,17.55,20.87,21.29
20180215,19.13,17.26,20.85,20.04
20180216,19.46,17.38,20.46,18.83
20180220,20.60,18.20,21.67,19.80
20180221,20.02,18.21,22.49,19.56
20180222,18.72,17.77,20.91,18.25
20180223,16.49,14.92,18.16,16.19
20180226,15.80,14.21,18.12,15.83
20180227,18.59,16.85,20.49,17.98
20180228,19.85,18.14,22.01,18.26
20180301,22.47,20.44,24.74,20.86
20180302,19.59,19.08,21.53,19.46
20180305,18.73,16.98,20.60,18.63
20180306,18.36,16.75,20.60,18.37
20180307,17.76,16.69,20.43,18.36
20180308,16.54,16.13,19.26,17.67
20180309,14.64,13.91,17.30,15.66
20180312,15.78,14.07,17.56,14.72
20180313,16.35,14.84,19.24,15.45
20180314,17.23,15.41,19.52,16.24
20180315,16.59,14.73,18.45,16.08
20180316,15.80,14.11,17.64,15.02
20180319,19.02,17.04,22.06,17.85
20180320,18.20,16.44,22.13,17.85
20180321,17.86,16.70,22.06,17.65
20180322,23.34,22.11,26.63,22.06
20180323,24.87,24.70,28.35,22.89
20180326,21.03,20.18,25.15,21.45
20180327,22.50,22.88,29.01,23.84
20180328,22.87,23.79,30.19,24.35
20180329,19.97,22.05,26.68,21.53
20180402,23.62,25.32,29.92,24.74
20180403,21.10,22.81,28.05,22.33
20180404,20.06,21.90,26.29,21.49
20180405,18.94,19.98,25.03,20.20
20180406,21.49,22.93,27.43,23.13
20180409,21.77,22.82,26.95,23.18
20180410,20.47,21.16,25.15,22.04
20180411,20.24,20.81,24.69,22.08
20180412,18.49,19.29,22.90,20.21
20180413,17.41,17.89,22.06,19.24
20180416,16.56,16.19,20.45,18.61
20180417,15.25,14.41,19.43,17.66
20180418,15.60,14.63,19.38,17.88
20180419,15.96,15.26,20.16,17.77
20180420,16.88,16.72,21.63,18.56
20180423,16.34,16.21,22.12,17.63
20180424,18.02,18.38,23.62,18.80
20180425,17.84,18.57,23.07,18.63
20180426,16.24,16.92,20.36,17.41
20180427,15.41,15.82,20.52,16.89
20180430,15.93,16.30,21.06,17.64
20180501,15.49,15.53,19.71,17.33
20180502,15.97,16.74,19.76,17.53
20180503,15.90,16.50,19.65,17.44
20180504,14.77,15.26,18.41,16.53
20180507,14.75,14.91,18.71,16.50
20180508,14.71,14.71,18.48,16.20
20180509,13.42,13.88,17.62,15.40
20180510,13.23,13.21,16.38,14.97
20180511,12.65,12.57,16.19,14.62
20180514,12.93,12.37,16.08,14.20
20180515,14.63,13.69,17.51,15.62
20180516,13.42,12.94,16.71,14.62
20180517,13.43,12.98,17.19,14.20
20180518,13.42,13.31,16.87,14.28
20180521,13.08,12.18,16.92,14.07
20180522,13.22,12.46,16.92,14.21
20180523,12.58,11.82,16.27,13.54
20180524,12.53,10.53,15.82,13.40
20180525,13.22,12.74,16.06,13.91
20180529,17.02,15.41,18.42,17.29
20180530,14.94,13.56,17.07,15.55
20180531,15.43,13.98,16.78,16.15
20180601,13.46,12.52,15.11,14.37
20180604,12.74,11.84,15.49,14.16
20180605,12.40,11.88,15.33,14.02
20180606,11.64,11.38,15.51,13.31
20180607,12.13,11.73,16.45,13.46
20180608,12.18,11.33,16.51,13.53
20180611,12.35,11.01,16.45,12.90
20180612,12.34,11.07,15.70,12.81
20180613,12.94,11.83,16.32,12.96
20180614,12.12,10.51,15.94,12.71
20180615,11.98,11.01,15.42,12.73
20180618,12.31,11.18,16.82,13.03
20180619,13.35,11.47,17.29,14.84
20180620,12.79,11.81,16.89,14.47
20180621,14.64,13.44,18.89,15.80
20180622,13.77,12.85,18.38,14.83
20180625,17.33,15.80,21.94,17.71
20180626,15.92,15.20,20.51,16.63
20180627,17.91,17.29,22.75,17.93
20180628,16.85,16.18,21.76,17.13
20180629,16.09,15.26,20.88,16.34
20180702,15.60,14.49,20.81,16.21
20180703,16.14,15.34,21.79,16.79
20180705,14.97,14.96,20.35,16.01
20180706,13.37,12.71,18.72,14.70
20180709,12.69,11.13,17.91,14.00
20180710,12.64,11.51,17.90,13.61
20180711,13.63,12.44,18.27,14.60
20180712,12.58,11.44,17.12,13.73
20180713,12.18,11.06,16.88,13.15
20180716,12.83,11.08,17.72,13.10
20180717,12.06,11.01,16.71,12.92
20180718,12.10,10.62,16.53,13.12
20180719,12.87,11.36,17.35,13.48
20180720,12.86,11.41,17.11,13.53
20180723,12.62,10.91,16.49,13.60
20180724,12.41,11.02,17.13,13.40
20180725,12.29,10.55,16.67,13.29
20180726,12.14,11.23,16.87,13.22
20180727,13.03,11.54,18.72,13.58
20180730,14.26,12.87,20.44,14.89
20180731,12.83,11.59,19.17,13.98
20180801,13.15,11.63,18.49,14.48
20180802,12.19,10.86,16.31,13.91
20180803,11.64,10.14,15.81,13.44
20180806,11.27,9.68,15.47,13.37
20180807,10.93,9.77,14.76,12.76
20180808,10.85,9.70,14.83,12.75
20180809,11.27,10.13,14.91,13.12
20180810,13.16,11.85,16.22,14.36
20180813,14.78,12.14,16.52,15.62
20180814,13.31,11.26,15.16,13.98
20180815,14.64,13.03,17.19,14.96
20180816,13.45,11.94,16.43,13.49
20180817,12.64,11.19,15.86,12.96
20180820,12.49,11.06,16.29,12.98
20180821,12.86,10.94,16.22,13.52
20180822,12.25,10.81,15.64,12.75
20180823,12.41,11.04,15.79,12.87
20180824,11.99,10.98,15.16,12.55
20180827,12.16,10.17,15.60,12.78
20180828,12.50,10.59,15.42,13.07
20180829,12.25,10.62,15.27,12.97
20180830,13.53,11.68,16.02,13.94
20180831,12.86,11.16,16.04,13.37
20180904,13.16,11.15,17.10,13.83
20180905,13.91,12.38,18.65,14.49
20180906,14.65,12.88,19.17,14.77
20180907,14.88,13.66,19.76,15.04
20180910,14.16,12.47,19.04,14.57
20180911,13.22,11.58,17.83,13.91
20180912,13.14,11.32,17.47,13.87
20180913,12.37,10.66,16.45,13.36
20180914,12.07,10.80,16.12,12.90
20180917,13.68,11.86,18.50,14.16
20180918,12.79,11.38,17.35,13.34
20180919,11.75,10.65,16.90,12.34
20180920,11.80,10.67,16.20,12.75
20180921,11.68,10.89,16.84,12.41
20180924,12.20,11.11,17.25,12.97
20180925,12.42,11.36,17.07,13.37
20180926,12.89,11.93,17.40,13.39
20180927,12.41,11.68,16.75,13.33
20180928,12.12,11.30,16.58,13.16
20181001,12.00,11.00,17.09,13.43
20181002,12.05,11.18,17.55,13.53
20181003,11.61,11.55,17.50,13.08
20181004,14.22,14.07,20.12,15.31
20181005,14.82,15.26,21.50,15.63
20181008,15.69,14.88,22.19,16.03
20181009,15.95,15.36,21.62,16.26
20181010,22.96,22.53,27.53,21.92
20181011,24.98,26.89,27.76,24.17
20181012,21.31,21.16,24.69,20.73
20181015,21.30,21.05,26.81,21.50
20181016,17.62,17.31,22.51,18.10
20181017,17.40,17.21,22.93,18.06
20181018,20.06,20.08,26.08,20.36
20181019,19.89,20.06,25.77,20.09
20181022,19.64,19.82,25.16,20.13
20181023,20.71,21.57,25.26,20.91
20181024,25.23,26.81,30.25,23.00
20181025,24.22,25.38,29.54,23.22
20181026,24.16,27.18,29.87,23.98
20181029,24.70,27.28,31.75,24.72
20181030,23.35,25.47,30.73,23.50
20181031,21.23,23.57,29.12,21.65
20181101,19.34,21.25,26.12,19.91
20181102,19.51,22.56,26.65,20.00
20181105,19.96,21.55,27.26,20.21
20181106,19.91,20.80,26.17,19.67
20181107,16.36,16.72,22.39,16.59
20181108,16.72,16.91,22.86,16.79
20181109,17.36,18.09,24.27,17.21
20181112,20.45,21.00,28.11,20.32
20181113,20.02,21.45,27.68,19.69
20181114,21.25,22.15,28.37,20.90
20181115,19.98,21.51,26.05,19.47
20181116,18.14,19.94,24.38,17.95
20181119,20.10,21.88,27.44,19.96
20181120,22.48,24.02,28.77,22.11
20181121,20.80,22.48,26.96,20.58
20181123,21.52,23.76,27.93,21.17
20181126,18.90,20.39,26.02,19.22
20181127,19.02,21.12,24.73,19.41
20181128,18.49,20.28,24.11,18.88
20181129,18.79,21.35,24.33,18.69
20181130,18.07,20.75,24.02,18.13
20181203,16.44,17.87,21.70,17.30
20181204,20.74,22.96,25.38,20.97
20181206,21.19,23.53,25.97,21.83
20181207,23.23,27.13,28.03,23.37
20181210,22.64,24.50,27.20,22.77
20181211,21.76,24.38,26.77,22.46
20181212,21.46,23.56,26.30,21.88
20181213,20.65,22.52,25.80,21.05
20181214,21.63,23.95,27.62,21.90
20181217,24.52,25.98,30.07,24.02
20181218,25.58,26.26,29.31,24.35
20181219,25.58,26.42,29.43,23.98
20181220,28.38,30.05,31.00,26.66
20181221,30.11,32.11,33.87,28.19
20181224,36.07,37.34,38.68,32.02
20181226,30.41,32.83,33.70,28.14
20181227,29.96,33.99,34.37,28.12
20181228,28.34,31.64,34.20,26.78
20181231,25.42,28.18,31.44,24.53
20190102,23.22,25.14,30.09,23.06
20190103,25.45,28.26,32.18,25.47
20190104,21.38,24.38,28.57,22.16
20190107,21.40,23.08,28.53,22.47
20190108,20.47,22.30,27.66,21.17
20190109,19.98,21.40,26.42,20.76
20190110,19.50,21.14,25.91,19.64
20190111,18.19,19.45,24.78,18.96
20190114,19.07,19.61,25.74,19.30
20190115,18.60,18.16,23.66,18.92
20190116,19.04,18.33,24.07,18.94
20190117,18.06,17.65,23.34,17.83
20190118,17.80,17.76,21.89,17.59
20190122,20.80,21.19,25.02,20.43
20190123,19.52,20.14,24.50,19.48
20190124,18.89,19.38,23.49,19.57
20190125,17.42,18.25,21.78,18.75
20190128,18.87,19.74,23.43,19.53
20190129,19.13,20.10,23.86,19.31
20190130,17.66,18.47,21.18,17.73
20190131,16.57,17.10,20.24,17.11
20190201,16.14,16.67,19.80,16.73
20190204,15.73,15.07,19.68,16.26
20190205,15.57,15.30,19.47,15.85
20190206,15.38,15.28,19.74,15.54
20190207,16.37,16.79,20.92,16.36
20190208,15.72,16.30,20.04,15.84
20190211,15.97,16.52,20.07,16.02
20190212,15.43,15.65,18.69,15.29
20190213,15.65,15.91,19.00,15.56
20190214,16.22,16.31,19.02,15.82
20190215,14.91,15.18,17.70,14.90
20190219,14.88,15.08,18.10,15.12
20190220,14.02,14.32,18.02,14.50
20190221,14.46,14.86,18.19,14.53
20190222,13.51,13.87,16.95,14.11
20190225,14.85,14.18,17.81,15.02
20190226,15.17,14.34,18.11,15.19
20190227,14.70,14.32,17.60,14.80
20190228,14.78,14.51,17.17,14.77
20190301,13.57,12.88,16.12,14.03
20190304,14.63,13.69,17.36,15.51
20190305,14.74,14.19,17.06,15.23
20190306,15.74,15.19,18.23,15.96
20190307,16.59,17.10,19.59,16.80
20190308,16.05,16.12,19.12,16.18
20190311,14.33,14.21,16.36,15.71
20190312,13.77,13.42,15.76,15.14
20190313,13.41,13.15,15.38,14.66
20190314,13.50,13.40,15.65,14.41
20190315,12.88,12.14,15.12,13.81
20190318,13.10,13.02,16.18,14.03
20190319,13.56,14.00,16.73,14.50
20190320,13.91,14.31,16.64,14.88
20190321,13.63,14.40,16.59,14.51
20190322,16.48,17.26,19.83,17.43
20190325,16.33,17.81,19.44,16.93
20190326,14.68,15.81,18.63,15.66
20190327,15.15,16.76,18.74,15.97
20190328,14.43,15.67,17.99,15.31
20190329,13.71,14.02,16.62,14.33
20190401,13.40,13.40,16.31,13.90
20190402,13.36,13.11,16.33,14.09
20190403,13.74,13.66,16.62,14.27
20190404,13.58,13.48,16.79,14.02
20190405,12.82,12.23,16.17,13.61
20190408,13.18,12.36,16.82,14.40
20190409,14.28,13.53,17.65,15.00
20190410,13.30,12.81,16.76,14.35
20190411,13.02,12.78,16.66,14.28
20190412,12.01,11.74,15.63,13.39
20190415,12.32,11.89,15.93,13.25
20190416,12.18,12.00,15.88,13.16
20190417,12.60,12.58,15.86,13.16
20190418,12.09,12.04,15.15,12.64
20190422,12.42,12.09,15.74,13.07
20190423,12.28,11.86,16.15,12.94
20190424,13.14,12.66,16.67,13.48
20190425,13.25,12.83,16.49,13.54
20190426,12.73,12.21,15.79,13.20
20190429,13.11,12.27,16.44,13.50
20190430,13.12,12.44,16.60,13.56
20190501,14.80,13.98,17.93,14.64
20190502,14.42,14.16,17.62,14.71
20190503,12.87,12.65,15.98,13.77
20190506,15.44,14.79,18.70,15.63
20190507,19.32,20.98,22.86,19.55
20190508,19.40,21.08,22.52,18.89
20190509,19.10,21.87,22.03,19.47
20190510,16.04,18.00,19.10,16.76
20190513,20.55,21.19,25.25,20.66
20190514,18.06,19.52,22.23,18.29
20190515,16.44,17.65,19.92,16.72
20190516,15.29,16.19,18.40,15.43
20190517,15.96,17.03,19.39,15.93
20190520,16.31,17.70,21.64,16.57
20190521,14.95,15.93,19.58,15.06
20190522,14.75,16.03,19.84,14.85
20190523,16.92,18.50,21.31,17.33
20190524,15.85,18.01,20.63,16.05
20190528,17.50,19.25,21.83,17.60
20190529,17.90,19.71,22.23,18.30
20190530,17.30,19.42,21.68,17.50
20190531,18.71,20.98,23.23,19.24
20190603,18.86,20.64,24.22,18.83
20190604,16.97,18.61,21.49,17.18
20190605,16.09,17.62,20.87,16.35
20190606,15.93,16.99,20.32,15.68
20190607,16.30,17.39,19.93,15.54
20190610,15.94,16.57,19.98,15.63
20190611,15.99,17.07,20.22,15.68
20190612,15.91,16.79,20.58,15.74
20190613,15.82,17.28,20.03,15.41
20190614,15.28,16.61,19.85,15.14
20190617,15.35,16.42,20.04,15.08
20190618,15.15,16.03,19.51,14.77
20190619,14.33,15.29,18.80,14.07
20190620,14.75,15.30,18.71,14.15
20190621,15.40,16.29,19.18,14.63
20190624,15.26,15.76,19.46,15.04
20190625,16.28,17.15,20.77,15.85
20190626,16.21,17.01,20.46,15.87
20190627,15.82,16.93,20.07,15.81
20190628,15.08,16.03,19.76,15.32
20190701,14.06,13.53,17.64,13.94
20190702,12.93,12.13,16.29,12.89
20190703,12.57,11.94,16.15,12.90
20190705,13.28,12.59,16.47,13.03
20190708,13.96,12.89,17.77,13.66
20190709,14.09,13.53,17.42,13.81
20190710,13.03,12.59,16.43,13.08
20190711,12.93,12.71,16.64,12.76
20190712,12.39,12.24,16.25,12.44
20190715,12.68,12.24,16.22,12.55
20190716,12.86,12.46,16.66,13.13
20190717,13.97,13.98,18.00,13.52
20190718,13.53,13.47,17.01,13.67
20190719,14.45,14.52,17.69,13.80
20190722,13.53,13.07,17.07,13.71
20190723,12.61,12.61,16.07,13.25
20190724,12.07,12.19,15.41,13.08
20190725,12.74,12.91,16.02,13.68
20190726,12.16,12.33,15.42,13.38
20190729,12.83,12.45,16.35,13.63
20190730,13.94,13.92,17.53,14.22
20190731,16.12,16.19,18.78,15.32
20190801,17.87,18.60,21.06,17.84
20190802,17.61,18.64,21.37,18.11
20190805,24.59,26.39,27.56,23.23
20190806,20.17,21.99,24.27,19.73
20190807,19.49,21.48,23.47,19.50
20190808,16.91,18.13,21.14,17.22
20190809,17.97,19.64,21.77,17.95
20190812,21.09,22.53,25.18,20.80
20190813,17.52,19.06,21.82,17.65
20190814,22.10,24.52,26.38,22.11
20190815,21.18,24.11,24.79,21.19
20190816,18.47,20.53,21.51,18.87
20190819,16.88,17.83,20.43,17.39
20190820,17.50,18.81,21.27,17.90
20190821,15.80,17.60,19.81,16.02
20190822,16.68,18.32,20.83,17.13
20190823,19.87,22.89,23.66,20.58
20190826,19.32,21.09,23.24,19.81
20190827,20.31,22.33,24.11,20.44
20190828,19.35,21.05,23.12,19.46
20190829,17.88,19.26,21.25,17.67
20190830,18.98,19.85,22.39,18.41
20190903,19.66,20.89,23.37,19.57
20190904,17.33,18.50,21.44,18.02
20190905,16.27,16.43,19.91,17.00
20190906,15.00,15.48,18.82,15.75
20190909,15.27,15.17,19.42,15.95
20190910,15.20,15.34,19.57,15.38
20190911,14.61,14.55,18.60,14.13
20190912,14.22,14.61,17.88,13.96
20190913,13.74,14.01,18.13,13.75
20190916,14.67,14.86,19.04,14.59
20190917,14.44,14.45,18.58,14.82
20190918,13.95,14.26,18.04,14.18
20190919,14.05,14.25,17.55,13.97
20190920,15.32,16.04,19.11,15.88
20190923,14.91,16.04,18.64,16.40
20190924,17.05,18.18,20.45,16.91
20190925,15.96,16.42,19.14,15.98
20190926,16.07,17.08,19.41,16.45
20190927,17.22,18.18,20.89,17.33
20190930,16.24,17.10,20.03,16.36
20191001,18.56,19.57,21.95,18.66
20191002,20.56,23.00,23.71,20.11
20191003,19.12,21.87,22.33,18.94
20191004,17.04,18.86,20.24,16.71
20191007,17.86,19.13,21.63,17.34
20191008,20.28,22.49,23.40,19.31
20191009,18.64,20.51,21.88,17.92
20191010,17.57,19.78,21.00,17.33
20191011,15.58,18.03,20.16,15.75
20191014,14.57,15.91,18.61,14.50
20191015,13.54,14.21,17.18,13.31
20191016,13.68,14.62,17.58,13.49
20191017,13.79,14.44,17.39,13.43
20191018,14.25,15.25,17.82,14.57
20191021,14.00,13.81,17.39,14.62
20191022,14.46,14.56,18.34,14.52
20191023,14.01,14.26,17.78,14.14
20191024,13.71,13.75,17.35,13.71
20191025,12.65,12.60,16.17,13.36
20191028,13.11,12.47,16.81,13.64
20191029,13.20,13.13,17.47,14.17
20191030,12.33,12.80,16.71,13.52
20191031,13.22,13.33,17.36,14.09
20191101,12.30,12.42,16.27,12.94
20191104,12.83,12.31,16.56,13.26
20191105,13.10,12.71,17.08,13.43
20191106,12.62,12.34,16.45,13.44
20191107,12.73,12.92,16.66,13.08
20191108,12.07,12.36,16.17,13.12
20191111,12.69,13.40,16.04,12.67
20191112,12.68,13.51,15.86,12.66
20191113,13.00,13.42,16.24,12.92
20191114,13.05,13.65,15.85,13.14
20191115,12.05,12.36,14.57,11.88
20191118,12.46,12.47,14.94,13.08
20191119,12.86,12.70,15.25,12.81
20191120,12.78,13.25,15.61,13.19
20191121,13.13,13.64,16.07,13.53
20191122,12.34,13.22,15.60,12.69
20191125,11.87,11.82,15.08,12.46
20191126,11.54,11.77,14.78,12.16
20191127,11.75,11.80,14.86,12.36
20191129,12.62,13.22,15.84,13.48
20191202,14.91,15.49,18.07,15.11
20191203,15.96,17.12,19.16,16.39
20191204,14.80,16.22,18.33,15.34
20191205,14.52,15.80,17.97,14.79
20191206,13.62,14.46,16.44,13.81
20191209,15.86,15.57,18.15,14.67
20191210,15.68,15.94,18.02,14.92
20191211,14.99,15.21,17.41,14.55
20191212,13.94,14.17,16.55,13.77
20191213,12.63,12.29,15.09,12.28
20191216,12.14,11.22,14.02,11.64
20191217,12.29,11.29,14.42,11.48
20191218,12.58,11.91,14.75,11.61
20191219,12.50,11.34,14.42,11.48
20191220,12.51,11.91,14.47,11.63
20191223,12.61,11.44,15.16,12.22
20191224,12.67,11.70,15.14,12.06
20191226,12.65,11.91,15.07,11.97
20191227,13.43,12.79,16.36,12.64
20191230,14.82,14.48,17.90,14.08
20191231,13.78,13.31,16.89,13.29
20200102,12.47,12.01,16.00,12.27
20200103,14.02,14.44,16.95,14.09
20200106,13.85,13.28,17.19,14.04
20200107,13.79,13.61,17.15,13.96
20200108,13.45,13.14,16.93,13.44
20200109,12.54,12.21,16.04,12.86
20200110,12.56,12.45,16.48,13.49
20200113,12.32,11.72,15.57,12.04
20200114,12.39,12.46,15.83,12.09
20200115,12.42,12.04,15.54,11.82
20200116,12.32,11.92,14.95,11.46
20200117,12.10,11.59,14.97,11.90
20200121,12.85,12.58,16.22,13.28
20200122,12.91,13.12,16.49,13.69
20200123,12.98,13.30,16.23,13.39
20200124,14.56,15.44,18.07,14.80
20200127,18.23,18.67,21.46,17.58
20200128,16.28,17.24,19.61,15.87
20200129,16.39,17.26,19.57,15.73
20200130,15.49,16.64,17.75,15.35
20200131,18.84,20.05,21.33,17.95
20200203,17.97,18.60,20.40,17.47
20200204,16.05,15.97,18.45,15.72
20200205,15.15,14.80,18.52,14.82
20200206,14.96,13.49,18.41,14.56
20200207,15.47,15.31,19.42,15.40
20200210,15.04,14.74,19.31,15.03
20200211,15.18,13.97,19.66,15.19
20200212,13.74,13.38,18.04,14.05
20200213,14.15,13.95,18.46,14.64
20200214,13.68,14.29,17.95,14.30
20200218,14.83,14.64,19.12,15.24
20200219,14.38,14.08,18.58,14.88
20200220,15.56,15.43,20.33,16.26
20200221,17.08,17.71,22.46,17.70
20200224,25.03,25.87,29.23,24.03
20200225,27.85,29.53,31.03,27.49
20200226,27.56,28.80,30.38,27.01
20200227,39.16,42.23,41.00,37.65
20200228,40.11,46.60,43.13,42.67
20200302,33.42,33.14,35.10,34.19
20200303,36.82,40.13,39.33,37.29
20200304,31.99,32.29,33.54,31.33
20200305,39.62,42.33,41.40,38.65
20200306,41.94,45.77,43.97,42.30
20200309,54.46,61.98,53.68,52.03
20200310,47.30,53.57,47.43,47.78
20200311,53.90,62.24,50.70,53.63
20200312,75.47,89.80,67.83,64.74
20200313,57.83,62.25,51.84,55.14
20200316,82.69,93.85,80.08,63.81
20200317,75.91,80.45,71.55,61.93
20200318,76.45,89.61,74.22,67.07
20200319,72.00,80.59,69.12,63.31
20200320,66.04,73.54,63.85,54.26
20200323,61.59,67.80,58.36,50.49
20200324,61.67,65.03,56.95,58.38
20200325,63.95,70.34,60.99,65.22
20200326,61.00,64.34,57.60,61.33
20200327,65.54,70.16,61.38,63.51
20200330,57.08,59.21,55.04,59.72
20200331,53.54,54.57,51.29,54.60
20200401,57.06,63.57,54.29,55.80
20200402,50.91,54.81,48.91,52.15
20200403,46.80,53.51,44.87,48.49
20200406,45.24,44.84,42.93,45.97
20200407,46.70,49.43,44.69,48.15
20200408,43.35,45.08,42.34,46.31
20200409,41.67,45.01,41.36,46.03
20200413,41.17,44.51,41.34,46.05
20200414,37.76,39.90,38.33,41.32
20200415,40.84,43.75,40.85,43.83
20200416,40.11,42.18,40.36,44.19
20200417,38.15,40.66,38.37,41.65
20200420,43.83,44.15,43.85,45.54
20200421,45.41,48.99,45.37,48.00
20200422,41.98,43.51,42.37,44.77
20200423,41.38,43.25,41.66,43.67
20200424,35.93,37.07,36.50,38.99
20200427,33.29,33.48,35.26,36.76
20200428,33.57,34.11,36.61,36.80
20200429,31.23,31.09,32.85,34.31
20200430,34.15,32.80,35.28,36.55
20200501,37.19,38.12,37.76,38.46
20200504,35.97,35.07,36.86,37.54
20200505,33.61,33.76,35.37,35.08
20200506,34.12,34.03,35.60,35.37
20200507,31.44,32.87,33.58,33.64
20200508,27.98,28.85,30.64,30.91
20200511,27.57,27.25,28.82,31.98
20200512,33.04,32.80,33.30,35.71
20200513,35.28,35.27,36.12,38.19
20200514,32.61,33.87,33.79,35.89
20200515,31.89,32.00,33.49,34.86
20200518,29.30,29.06,30.22,32.65
20200519,30.53,30.37,30.74,33.29
20200520,27.99,28.46,29.12,30.62
20200521,29.53,29.75,30.73,30.92
20200522,28.16,29.33,29.36,29.89
20200526,28.01,27.79,29.42,29.63
20200527,27.62,26.88,29.52,28.85
20200528,28.59,28.79,29.68,30.39
20200529,27.51,27.24,27.96,28.73
20200601,28.23,27.74,28.99,29.43
20200602,26.84,25.34,27.68,28.45
20200603,25.66,25.10,27.45,27.25
20200604,25.81,25.53,27.43,26.70
20200605,24.52,23.76,25.53,26.55
20200608,25.81,24.15,26.80,28.16
20200609,27.57,26.73,28.70,29.47
20200610,27.57,26.32,29.32,30.35
20200611,40.79,41.34,36.81,40.79
20200612,36.09,35.81,35.49,39.18
20200615,34.40,33.94,33.67,36.35
20200616,33.67,32.25,32.69,35.76
20200617,33.47,32.32,32.91,35.60
20200618,32.94,31.07,31.57,34.96
20200619,35.12,33.39,32.54,36.30
20200622,31.77,29.56,31.38,34.70
20200623,31.37,29.49,31.23,33.64
20200624,33.84,33.11,33.58,35.38
20200625,32.22,30.54,31.81,33.48
20200626,34.73,34.35,33.81,35.71
20200629,31.78,30.13,32.30,33.13
20200630,30.43,27.96,30.75,31.14
20200701,28.62,26.41,29.51,30.81
20200702,27.68,25.19,28.60,28.59
20200706,27.94,24.36,30.20,29.04
20200707,29.43,26.73,31.72,30.68
20200708,28.08,25.53,31.05,29.62
20200709,29.26,27.14,32.68,31.37
20200710,27.29,25.29,32.02,29.46
20200713,32.19,29.81,37.60,33.12
20200714,29.52,27.31,37.61,31.34
20200715,27.76,26.11,35.84,30.10
20200716,28.00,25.88,34.42,29.83
20200717,25.68,24.16,30.77,27.93
20200720,24.46,22.05,30.91,26.72
20200721,24.84,23.42,30.91,26.79
20200722,24.32,22.76,30.46,26.46
20200723,26.08,24.44,32.75,27.08
20200724,25.84,24.41,32.61,26.79
20200727,24.74,22.34,31.55,26.09
20200728,25.44,23.72,31.83,25.81
20200729,24.10,22.26,30.13,24.85
20200730,24.76,24.20,30.20,25.37
20200731,24.46,22.10,27.93,23.87
20200803,24.28,22.07,29.27,24.16
20200804,23.76,21.01,29.12,23.16
20200805,22.99,20.57,28.50,22.88
20200806,22.65,19.51,28.53,22.85
20200807,22.21,20.37,29.76,23.34
20200810,22.13,19.15,29.86,23.35
20200811,24.03,22.51,31.87,25.41
20200812,22.28,19.68,30.16,23.97
20200813,22.13,20.27,29.84,23.88
20200814,22.05,19.98,29.15,23.50
20200817,21.35,19.35,27.73,22.57
20200818,21.51,18.70,26.90,22.25
20200819,22.54,20.77,28.88,22.93
20200820,22.72,19.69,28.44,22.80
20200821,22.54,19.70,28.62,21.83
20200824,22.37,18.85,29.83,22.68
20200825,22.03,19.29,29.11,22.36
20200826,23.27,20.21,32.10,23.40
20200827,24.47,22.18,33.32,24.43
20200828,22.96,20.53,32.80,23.84
20200831,26.41,22.70,34.55,26.01
20200901,26.12,21.84,34.67,26.20
20200902,26.57,24.17,36.80,26.64
20200903,33.60,30.30,42.09,31.47
20200904,30.75,29.71,41.74,29.43
20200908,31.46,32.03,41.02,30.15
20200909,28.81,28.47,38.25,27.70
20200910,29.71,31.19,37.92,27.62
20200911,26.87,27.82,35.27,26.00
20200914,25.85,26.01,33.56,24.20
20200915,25.59,25.13,33.79,23.60
20200916,26.04,26.46,35.48,22.57
20200917,26.46,26.73,36.27,23.42
20200918,25.83,27.24,36.04,23.53
20200921,27.78,27.71,36.43,26.46
20200922,26.86,27.58,35.24,25.75
20200923,28.58,30.58,37.25,27.39
20200924,28.51,30.84,36.99,27.40
20200925,26.38,28.22,34.93,26.39
20200928,26.19,28.20,34.66,26.25
20200929,26.27,28.97,35.25,26.69
20200930,26.37,29.16,35.42,26.70
20201001,26.70,29.27,34.99,27.18
20201002,27.63,31.00,36.44,27.59
20201005,27.96,28.20,35.67,27.46
20201006,29.48,29.86,36.67,28.01
20201007,28.06,27.64,35.61,26.71
20201008,26.36,26.43,34.43,25.86
20201009,25.00,24.55,32.60,24.26
20201012,25.07,25.12,33.44,24.06
20201013,26.07,26.68,34.48,25.05
20201014,26.40,27.03,34.04,25.21
20201015,26.97,28.80,34.54,25.46
20201016,27.41,28.38,35.02,25.65
20201019,29.18,31.04,36.14,27.40
20201020,29.35,30.40,35.25,27.71
20201021,28.65,30.89,35.08,27.18
20201022,28.11,29.54,34.28,26.33
20201023,27.55,29.78,33.45,25.56
20201026,32.46,34.56,37.41,30.18
20201027,33.35,34.96,36.56,30.30
20201028,40.28,42.71,43.39,35.48
20201029,37.59,39.62,40.08,34.93
20201030,38.02,41.47,41.30,35.18
20201102,37.13,39.74,40.90,34.06
20201103,35.55,36.49,38.38,32.56
20201104,29.57,31.11,33.36,27.43
20201105,27.58,28.44,32.82,25.97
20201106,24.86,26.40,30.01,25.07
20201109,25.75,25.80,31.32,24.99
20201110,24.80,25.33,32.53,25.29
20201111,23.45,22.90,30.29,24.11
20201112,25.35,25.85,30.91,25.52
20201113,23.10,22.80,29.03,23.96
20201116,22.45,22.25,27.37,23.26
20201117,22.71,22.36,27.31,22.86
20201118,23.84,23.69,27.47,23.47
20201119,23.11,22.53,26.81,22.21
20201120,23.70,23.72,26.91,22.69
20201123,22.66,22.12,26.64,22.30
20201124,21.64,21.39,25.99,22.22
20201125,21.25,20.86,25.69,22.35
20201127,20.84,21.57,26.12,22.27
20201130,20.57,21.79,26.68,22.88
